"","freq","prev","p.freq","p.prev","p","contaminant"
"CCGAGTTTACAACTCCCAAACCCCTGTGAACATACCTATCGTTGCCTCGGCGGTGCCCGCTCCGGCGGCCCGCCAGAGGACCCCAAACTCTTGTTTTATACAGTATCTTCTGAGTAACACGATTAAATAAATCA",0.0748249818395218,13,NA,0.5,0.5,FALSE
"CAGAGTTCATGCCCTCACGGGTAGATCTCCCACCCTTGAATATCATACCTTAGTTGCTTTGGTAGGCCGTGGAAACACTATGGGCTCCAGCTCGTACGTGCCTACCGAAGGAAACAAACTCTGTTTCTAGTGATGTCTGAGTACTATATAATAGTTA",0.121261216943645,12,NA,0.461538461538461,0.461538461538461,FALSE
"TCAAGTTACAGCGGAGGCACCCTCGGGTGTCCTCCTGTCTGCAACCCTTGTCTTTTGCGTACTGTATGTTTCCTCGGCGGGCGAGCCCGCCGATAGGACACTTATAAACCCTTTGTAATTGCAATCAGCGTCAGAAAAACTTATAATAGTTA",0.110577257309013,20,NA,0.292307692307692,0.292307692307692,FALSE
"CTGAGTACTACACTCTCTACCCTTTGTGAACTATTATACCTGTTGCTTCGGCGGCGCCCGCAAGGGTGCCCGCCGGTCTCATCAGAATCTCTGTTTTCGAACCCGACGATACTTCTGAGTGTTCTTAGCGAACTGTCA",0.108739425230584,24,NA,0.424615384615385,0.424615384615385,FALSE
"CAAAATCCATGGCTCGCAAGAGTCTCAACCCCTTGTGCACCATTCACGTTTCTGGGCTCGCAAGAGCCCAACTAAACACTTTATTTACAGTCTGATCTTTTACTAAAGAAAA",0.0789745045067945,17,NA,0.653846153846154,0.653846153846154,FALSE
"CCGAGAGTTGTAGGCTTCTGTCTACCATCTCTTACCCATGTCTTTTGCGTACTTAACGTTTCCTCGGCAGGTCCGCCTGCCGTAGGACAATTATAAACCATTTGCAGTTGCAGTCAGCGTCTGAAAAACATAATAATTA",0.0133495234664063,20,NA,0.292307692307692,0.292307692307692,FALSE
"CCGAGTTTACAACTCCCAAACCCCTGTGAACATACCTATGTTGCTTCGGCGGGATTCGCCCCGGCGCCTTCGGGCCCGGACCCAGGCGCCCGCCGGAGGACCCAAACTCTTGTCTTCATGAGAATCTTCTGAGTGATACAAGCAAATAAATTA",0.0577799748883899,14,NA,0.538461538461538,0.538461538461538,FALSE
"CAAATCAGTTTGGTGTGGGGTGTGTGGTGAAAGTGTGGGTAGCAATACCTTTACTCTATATCACTCACTCTACTAGCACCAATATTTACGCTTGTTGTGTTTGACAGAGTAATTTTGATATTAAAAATAGA",0.0324829183410853,14,NA,0.538461538461538,0.538461538461538,FALSE
"CAAGAACGCCCGGGCTTCGGCCTGGTTATTCATAACCCTTTGTTGTCCGACTCTGTTGCCTCCGGGGCGACCCTGCCTTCGGGCGGGGGCTCCGGGTGGACACTTCAAACTCTTGCGTAACTTTGCAGTCTGAGTAAACTTAATTAATAAATTA",0.038529802760308,25,NA,0.461538461538462,0.461538461538462,FALSE
"CTGATTCTGCCTGGCGTGTCCGCTAACGCGTTGACTCGCTGGGATTGACCCCTTGTGCAGAACCTTTGTGGTTTGGGCTGGGAAACCGGCCCGATAGAAAACACTTTGAACCTAGAGTAAGCCTTAAGAGCAAACCGAAA",0.0197597091633983,20,NA,0.976923076923077,0.976923076923077,FALSE
"CCGTGGGGATTCGTCCCCATTGAGATAGCACCCTTTGTTTATGAGTACCCTGTTTCCTCGGCGGGCTTGCCCGCCGCTAGGACCTTTAAAACCCTTTGTAGTAGCAGTATCTTCAGTTAAAACAAAATTATTA",0.0145118392342949,21,NA,0.323076923076923,0.323076923076923,FALSE
"CTGAGAGTACCGGGCTCTGCCTGGCTACTTTTACCCATGTTTTATAGTACCAAAAGTTTCCTCGGCGGCTCTGCCCGCCGGTCGGACTCCATTCAAACCCTTTGTAGTTGCAGTCAGCGTCTGATAAACATAATAATTA",0.0159122291654882,7,NA,0.736923076923077,0.736923076923077,FALSE
"TCAAAACAGCGGACTTCGGTCCTTGCTGCACCCTTGTCTTTTGCGTACCGTATGTTTCCTCGGCGGGCTTGCCTGCCGGTTGGACATTATCAAACCTTTTTGTAGTTGCAATCAGCGTCAGAAAATAATAATAATTA",0.0108394125375586,13,NA,0.5,0.5,FALSE
"CTGAGCGAGGGCCCCCGGGCCCGACCTCCCACCCTCTGTGAACCCAACTTGTTGCTTCGGGGGCGACCCTGCCGTCTATGCGGCGAGCGCCCCCGGAGGCCCCTGACCCTGCATCTCTGCGTCGGAGTTTAAGCAAATTAAACA",0.00220831640682637,9,NA,0.790769230769231,0.790769230769231,FALSE
"CTGTGAGGATTCGTCCTCATTGAGATAGCACCCTTTGTTTATGAGTACCTTTGTTTCCTCGGTAGGCTTGCCTACCATGAGGACCCTTAAAAACCTTTATTGTAGCAGTATCCTCAGTTAAATATAAATATTA",0.0194243595675605,20,NA,0.292307692307692,0.292307692307692,FALSE
"CAAGTGACCCCGGTCTAACCACCGGGATGTTCATAACCCTTTGTTGTCCGACTCTGTTGCCTCCGGGGCGACCCTGCCTTCGGGCGGGGGCTCCGGGTGGACACTTCAAACTCTTGCGTAACTTTGCAGTCTGAGTAAACTTAATTAATAAATTA",0.0119457338517483,20,NA,0.769230769230769,0.769230769230769,FALSE
"TCGTAGGGGCCTCGCCCCCTTCGAGATAGCACCCTTTGTTTATGAGCACCTCTCGTTTCCTCGGCAGGCTCGCCTGCCAACGGGGACCCACCACAAACCCATTGTAGTACAAGAAGTACACGTCTGAACAAAACAAAACAAACTATTTA",0.018286278951796,3,NA,0.610769230769231,0.610769230769231,FALSE
"TAAGTTCACCCAGGCTTGTACAGCTGGGGACTGACAACCCTTTGATTTCCGACTCTGTTGCCTCCGGGGCGACCCTGCCTTCGGGCGGGGGCTCCGGGTGGACACTTCAAACTCTTGCGTAACTTTGCAGTCTGAGTAAACTTAATTAATAAATTA",0.0121210944778641,13,NA,0.12,0.12,FALSE
"ACAAGTTTTGTGGATGACGCTTGTCGTCGTCTTCACATCAGCCCGGGATCGCAAGATCCCAAGGCTATATATGCGCGTGTTTGTATGACTGTTTTGATATTGTATAACTTTTA",0.00353160793014124,11,NA,0.838461538461538,0.838461538461538,FALSE
"CTGAGTACTACACTCTCTACCCTTTGTGAACTATTATACCTGTTGCTTCGGCGGCGCCCGCGAGGGTGCCCGCCGGTCTCATCAGAATCTCTGTTTTCGAACCCGACGATACTTCTGAGTGTTCTTAGCGAACTGTCA",0.0104148526135595,7,NA,0.736923076923077,0.736923076923077,FALSE
"CCGAGTTTACAACTCCCAAACCCCTGTGAACATACCTATCGTTGCTTCGGCGGGACCGCCCCGGCGCCCCCGGGCCCGGACCCAGGCGCCCGCCGGAGGACCCAAACTCTTGTTTTTCTGAAGTATCTTCTGAGTGACACAAGCAAATAAAATGA",0.00306429358816186,1,NA,NA,NA,FALSE
"TCAAGTTACAGCGGAGGCATCCTCGGGTGTCCTCCTGTCTGCAACCCTTGTCTTTTGCGTACTGTATGTTTCCTCGGCGGGCGAGCCCGCCGATAGGACACTTATAAACCCTTTGTAATTGCAATCAGCGTCAGAAAAACTTATAATAGTTA",0.00304056766996883,1,NA,NA,NA,FALSE
"ATAATAAGCGTTTTATGGCACTTTTTAAATCCATATCCACCTTGTGTGCAATGTCAGTTGTTCTCTTTTTTGAGAATGACCAAACATCAACTTAAATTTTAACTCTTTGTCTGAAAAATATTATGAATAAAATAATTCAAAATA",0.0180239327157051,4,NA,0.00923076923076921,0.00923076923076921,TRUE
"AAGAGTTGAAAATACTCCCAAAACCCCCTGTGAACTCATACTTTTGTCGTTGCTTCGGCGGGCTTTAGAGGCCTAAAGCCTGCCGGAGGTATTAAAAACTCCTTTTTAAAGACCTAGATCTCTGAGCAAAAATACAAATAAAGTCA",0.00453465114880352,17,NA,0.944615384615385,0.944615384615385,FALSE
"ATAGTGCCCTCTGATGCAAATCATTGGGTTAGATCTGCTCTCTTCGCAAGAAGAGGGTTTCCATACACACCGTGAACTGTGGCTTCGGCCATCACAAACTGTTAGTAATGAATGTAATATCATAACAAAAACA",0.0173762314041897,12,NA,0.101538461538462,0.101538461538462,FALSE
"ATGAATTTAGATTGAACCATAGGCGAAAGCCAGTGGTTCTTCTTTCATATCCATAACACCTGTGCACTGTTGGATGCTTGCATCCACTTTTAAACTAAACATTATTGTAACAAATGTAGTCTTATTATAACATAATA",0.00216022031374938,7,NA,0.736923076923077,0.736923076923077,FALSE
"TCAAAACAGCGGACTTCGGTCCTTGCTGCACCCTTGTCTTTTGCGTACCGTATGTTTCCTCGGCGGGCTTGCCTGCCGGTTGGACAATATCAAACCTTTTTGTAGTTGCAATCAGCGTCAGAAAACAAATAATAATTA",0.00394300530178832,8,NA,0.764615384615385,0.764615384615385,FALSE
"CTGAGTACTACACTCTCTACCCTTTGTGAACCATTATACCTGTTGCTTCGGCGGCGCCCGCGAGGGCGCCCGCCGGTCTCATCAGAATCTCTGTTTTCGAACCCGACGATACTTCTGAGTGTTCTTAGCGAACTGTCA",0.00485126346092334,1,NA,NA,NA,FALSE
"GTGAATGCCTGGGCTGTCATACGGACTGCGGTCTCTGACGCCCACCCACTATATCCGCAAACCCTGTGCACTGTGGTGTTGTCTTGGACACACCTCGCCAACCAACTCGTCTTTGTATCTGTACGTGTCTACTTGGCCTAAGCCAAAAATCAACA",0.00647865738344757,17,NA,0.209230769230769,0.209230769230769,FALSE
"TTGAATTTTGTTGTCTGGCTTCGGTCGACAACTCTTCATATCCATAACACCTGTGCACTGTTGGATGCTTGCATCCAATTTTATACTAAACAATATTGTAACAAATGTAGTCTTATTATAACATAATA",0.00174562959524787,7,NA,0.736923076923077,0.736923076923077,FALSE
"CCAAATCCAAATCTCAACCCCATGTGAACCGTTGTTTGTCTGTCTTTGGGGGGGCTCCTCTAAGCCTTGCTCGCAAAGCTTTTTGCTTGTCCCCCCATGTTTATACTAAACCACATTGGTCTCTCGTTGGAATACTTTTATTAGCAATAATAAAGGA",0.00216184782920503,6,NA,0.707692307692308,0.707692307692308,FALSE
"CCTAGAGTTGTAGGCTTTGCCTGCTATCTCTTACCCATGTCTTTTGAGTACTTACGTTTCCTCGGCGGGTCCGCCCGCCGATTGGACAATTTAAACCATTTGCAGTTGCAATCAGCGTCTGAAAAACTTTAATAGTTA",0.0108093016178967,9,NA,0.790769230769231,0.790769230769231,FALSE
"TCGTGGGGCTCCGGCCCTATCGAGATAGAACCCTTGCCTTTTTTGTACCGTCCGTTTCCTCGGCAGGCTCGCCTGCCAATGGGGACCCCAATAAACTCTTTTTTTACCTGTATCAGTCTGAAAAATAAACAAAAGTTA",0.00202400332892883,1,NA,NA,NA,FALSE
"CCGAGTTTACAACTCCCAAACCCCTGTGAACATACCTATACGTTGCCTCGGCGGATCAGCCCGCGCCCCGTAAAAAGGGACGGCCCGCCCGAGGACCCCTAAACTCTGTTTTTAGTGGAACTTCTGAGTAAAACAAACAAATAAATCA",0.00905787183154561,7,NA,0.736923076923077,0.736923076923077,FALSE
"CCGAGTTTACAACTCCCAAACCCCTGTGAACATACCTATCGTTGCCTCGGCGGTGCCCGCTCCGGCGGCCCGCCAGAGGACCCCCAAACTCTTGTTTTATACAGTATCTTCTGAGTAACACGATTAAATAAATCA",0.00719586175334346,7,NA,0.736923076923077,0.736923076923077,FALSE
"CCGAGTTTCAAACTCACCAACCCACTGTGAACATACCTACGTTGCTTCGGCGGCGGGCTTCGGCCCCCGCCGGGGACCCTAAACACTATTTTTAACCGATACCTCTGAGTAAAAAACAAATAAATCA",0.0061565907935225,7,NA,0.736923076923077,0.736923076923077,FALSE
"CCTAGAGTTTGTGGACTTCGGTCTGCTACCTCTTACCCATGTCTTTTGAGTACCTTCGTTTCCTCGGCGGGTCCGCCCGCCGGTTGGACAACATTCAAACCCTTTGCAGTTGCAATCAGCGTCTGAAAAAACTTAATAGTTA",0.000844325241376369,9,NA,0.790769230769231,0.790769230769231,FALSE
"CCGAGTTATACAACTCATCAACCCTGTGAACATACCTATAACGTTGCCTCGGCGGGAACAGACGGCCCCGTAACACGGGCCGCCCCCGCCAGAGGACCCCCTAACTCTGTTTCTATAATGTTTCTTCTGAGTAAACAAGCAAATAAATTA",0.00634427368062781,7,NA,0.736923076923077,0.736923076923077,FALSE
"TAGTAGGGGCCTTTTGGCCCATTACGAGATGCAACCCTTGTCTTTTTGTGCACCTTTGTTTCCTCGGCAGCGTAGCCTGCCAACGAGGACCCCTAAAAAACCCTTTGCAATCCTAGTATAACATTCTGAAACAAAACAATATTA",0.000693382308416677,6,NA,0.707692307692308,0.707692307692308,FALSE
"CCGAGTTATACAACTCATCAACCCTGTGAACATACCTAAAACGTTGCTTCGGCGGGAACAGACGGCCCTGTAACAACGGGCCGCCCCCGCCAGAGGACCCCTAACTCTGTTTTTATAATGTTTTTCTGAGTAAACAAGCAAATAAATTA",0.0061964211852518,7,NA,0.736923076923077,0.736923076923077,FALSE
"CCGAGTTTACAACTCCCAAACCCCTGTGAACATACCTATCGTTGCTTCGGCGGGACCGCCCCGGCGCCCCCGGGCCCGGACCCAGGCGCCCGCCGGAGGACCCAAACTCTTGTTTTTCTGAAGTATCTTCTGAGTGACACAAGCAAATAAAATCA",0.000551258859792002,6,NA,0.707692307692308,0.707692307692308,FALSE
"CCGAGTTTACAACTCCCAAACCCCTGTGAACATACCACTTGTTGCCTCGGCGGATCAGCCCGCTCCCGGTAAAACGGGACGGCCCGCCAGAGGACCCCTAAACTCTGTTTCTATATGTAACTTCTGAGTAAAACCATAAATAAATCA",0.00440549549533124,7,NA,0.736923076923077,0.736923076923077,FALSE
"CTGAACGGCCTCAAAAAGGCCTTCAACCTATAAACCCGTGGAAGCAACTGTGCTTCGGCGCTCCGGCGTCGCCCTTATGCCTAGAAATGTTTGTGTCTGATTATATATTGAGAAACA",0.00367274433306694,2,NA,0.575384615384615,0.575384615384615,FALSE
"CCGAGTTTACAACTCCCAAACCCCTGTGAACATACCTATCGTTGCTTCGGCGGATCCGCCCCGGCGCCCTCGGGCCCGGATCAGGCGCCCGCCGGAGACCCAAAACTCTTGTATTTCTTTAGTATCTTCTGAGTAAACAAGCAAATAAATTA",0.00305057194916052,10,NA,0.815384615384615,0.815384615384615,FALSE
"ATGAATTTTAGGCCCTAGTCTTAACTGATAAGGGCTGGTTCTATCCATAACACCTGTGCACTGTTGGATGCTTGCATCCACTTTTAAACTAAACATTATTGTAACAAATGTAGTCTTATTATAACATAATA",0.000268075550765586,3,NA,0.610769230769231,0.610769230769231,FALSE
"TCAAATGCTTTAAGAAGTCTAAACAACTTCTTACTGTTCACCCTTTGTCTTTTGCGTACTGTATGTTTCCTCGGTGGGTTCGCCCGCCGATAGGACATTTAAAACCCTTTGTAGTTGCAATCAGCGTCAGAAAAAAACTATAATAGTTA",0.00247639746130655,9,NA,0.790769230769231,0.790769230769231,FALSE
"AAGAGTTGAAAATACTCCCAAAACCCCCTGTGAACTCATACCTTTGTCGTTGCTTCGGCGGGCTTTAGAGGCCCTAAAGCCCGCCGGAGGTACTAAAAACTCTTTTTTAAGACCTTGAATCTCTGAGCAAAAACACAAATAAAAGTCA",0.00116733148557566,4,NA,0.644615384615385,0.644615384615385,FALSE
"TCGTAGGGGCCTCGCCCCCTTCGAGATAGCACCCTTTGTTTATGAGCACCTATCGTTTCCTCGGCAGGCTCGCCTGCCAACGGGGACCCACCACAAACCCATTGTAGTACAAGAAGTACACGTCTGAACAAAACAAAACAAACTATTTA",0.00298562704336562,1,NA,NA,NA,FALSE
"GTGAATTTAGAGCGTAACTTCGGTTAGCTCAACCTTCATTTTCCAACTCTGTGCACTATTGGCGGACTGAAGGTAAGCAATTACTATTAAGTCTGCGGCTCATTATTAAACATTAGTTAAAGTATGTATTATAAATATAAAACAAAAA",0.00300200133422282,1,NA,NA,NA,FALSE
"CAAGTGACCCCGGTCTAACCACCGGGATGTTCATAACCCTTTGTTGTCCGACTCTGTTGCCTCCGGGGCGACCCTGCCTTCGGGCGGGGGCTCCGGGTGGACACTTCAAACTCTTGCGTAACTTTGCAGTCCGAGTAAACTTAATTAATAAATTA",0.00084500770179806,1,NA,NA,NA,FALSE
"ATGAATGTTTAGTCCCTGTGACTGAAATTCTCCTTTACACACGTGCTCCTCAAGCTCAATTGAGCAGGAGGCTTTTATTTCCTTCATATTCTCAGTAGTCTGAAGCCATCCACTTTTGGATGCAGAACAAGAAATTA",0.000670229200353448,1,NA,NA,NA,FALSE
"TAGAGTGTAAACTCCCTAACCTTTGTGAACATACCTGTTGCTTCGGCGGTCCTCACCGGCCGCCGAAGGCCTATATTCTTGAATTTACATGAATTTCTGAGTATCAAACAAAAATAAATAA",0.00126940585969418,1,NA,NA,NA,FALSE
"TAGTAGGGGCCTTTTGGCCCATTACGAGATGCAACCCTTGTCTTTTTGTGCACCTTTGTTTCCTCGGCAGCGTAGCCTGCCAACGAGGACCCCTAAAAAACCCTTTGCAATCCTAGTATAACATTCCGAAACAAAACAATATTA",0.00256766052325719,1,NA,NA,NA,FALSE
"ACAAATCCTGCTGCAGTGCCGCAAGGTGCTGTAGTATATTAACTCGGCCTGTGTCGCAAGATACAGGCTGATAAATTAATGTGTGTAATGTTGACAATGTGTGTGTGATTAAATAGTAGA",0.00190368576518518,9,NA,0.790769230769231,0.790769230769231,FALSE
"CAAGTGACCCCGGTTTACCACCGGGATGTTCATAACCCTTTGTTGTCCGACTCTGTTGCCTCCGGGGCGACCCTGCCTTCGGGCGGGGGCTCCGGGTGGACACTTCAAACTCTTGCGTAACTTTGCAGTCTGAGTAAATTTAATTAATAAATTA",0.00184172867415422,7,NA,0.269230769230769,0.269230769230769,FALSE
"CCGAGTTTACAACCCCCAAACCCCTGTGAACATACCTATCGTTGCCTCGGCGGTGCCCGCTCCGGCGGCCCGCCAGAGGACCCCAAACTCTTGTTTTATACAGTATCTTCTGAGTAACACGATTAAATAAATCA",0.000186403365699171,1,NA,NA,NA,FALSE
"CCTAGAGTTGTAGGCTTTGCCTACCATCTCTTACCCATGTCTTTTGAGTACTTACGTTTCCTCGGTGGGTTCGCCCGCCGATTGGACAATTTAAACCATTTGCAGTTGCAATCAGCGTCTGAAAAACATAATAGTTA",0.00191132571901209,7,NA,0.269230769230769,0.269230769230769,FALSE
"CTGAGTACTACACTCTCTACCCTTTGTGAACTATTATACCTGTTGCTTCGGCGGCGCCCGCGAGGGCGCCCGCCGGTCTCATCAGAATCTCTGTTTTCGAACCCGACGATACTTCTGAGTGTTCTTAGCGAACTGTCA",0.000614198767622961,4,NA,0.644615384615385,0.644615384615385,FALSE
"CTGATACAACGGTCTTGGAGTCCTCTTTGGAGTTGATTCCTCGACCTTACCTACCCCATGTGCACTGTAAATGTTTTTTGGGACTTGGCTTTGGCTGGGTCCCAGCAGTATAAACACTATATAATTTGTCTGAAATGAACCAAAGAATCGTAA",0.00139607452365279,7,NA,0.736923076923077,0.736923076923077,FALSE
"CAGAGTTGCAAAACTCCCAAACCATTGTGAACGTTACCCGTAACCGTTGCTTCGGCGGGCGGCCCCCCGGGGCCGCAGCCCTCACAGGCGCCCGCCGGACGACAAATAACTCTTGTTCTTTACTGGCCTCTCTGAGTATTTATACAAATAAGTTA",0.00123473201891985,13,NA,0.88,0.88,FALSE
"ACAATGAGTGTTTTATGGCACTCTTTAAAAATCCATATCCACCTTGTGTGCAATGTTTGTTGGGAGAGAGGCAACTCTTTCCCTTCACAAATATCAACCTATATCTTTAACAACATTCGTCTGATAACATATTATGAATATACTTAATTCAAAATA",0.00144487564018797,3,NA,0.610769230769231,0.610769230769231,FALSE
"CAAATCTCGTTCTGCGTGCCGTGTGCCCTGCCTGCGCATGCGTGGGTGGGGTGGCTGGCAGCAGCACATTGGCACGGCGGGCCTCTCGGGGTCCGTCGATGTTTACGCTTGTTTGTTTGACAGAGTAATGTGTGCCATTAAACAAAGA",0.00138780892489767,6,NA,0.707692307692308,0.707692307692308,FALSE
"GTGAACGCCCTCACGGGCTTATAACTATTCCAAACCTCTGTGAACCGTGCCCTTCGGGGCTATTTTACAAACATGGTGTAATGAACGTCATATATCATAACAAAACA",0.00117936212172296,3,NA,0.610769230769231,0.610769230769231,FALSE
"CTGAGTACTACACTCTCTACCCTTTGTGAACTATTATACCTGTTGCTTCGGCGGCGCCCGCGAGGGTGCCCGCCGGTCTCACCAGAATCTCTGTTTTCGAACCCGACGATACTTCTGAGTGTTCTTAGCGAACTGTCA",0.00164259114305368,1,NA,NA,NA,FALSE
"CAGAGTTCATGCCCTCACGGGTAGATCTCCCACCCTTGAATATCATACCTTAGTTGCTTTGGTAGGCCGTGGAAACACTATGGGCTCCAGCTTGTACGTGCCTACCGAAGGAAACAAACTCTGTTTCTAGTGATGTCTGAGTACTATATAATAGTTA",0.000386093398406158,1,NA,NA,NA,FALSE
"CCGAGTTATCCAACTCCCAACCCCTGTGAATTATACCTTTAATTGTTGCTTCGGCGGGACTTCGCGCCCGCCGGGGACCCAAACCTTCTGAATTTTTTAATAAGTATCTTCTGAGTGGTTAAAAAAAATGAATCA",0.00150749285127441,5,NA,0.676923076923077,0.676923076923077,FALSE
"CCGAGTTTACAACTCCCAAACCCCTGTGAACATACCTATCGTTGCCTCGGCGGTGCCCGCTCCGGCGGCCCGCCAGAGGACTCCAAACTCTTGTTTTATACAGTATCTTCTGAGTAACACGATTAAATAAATCA",0.000116036095147734,1,NA,NA,NA,FALSE
"CCTAGAGTTGTAGGCTTTGCCTGCTATCTCTTACCCATGTCTTTTGAGTACCTTCGTTTCCTCGGCGGGTCCGCCCGCCGATTGGACAATTTAAACCATTTGCAGTTGCAATCAGCGTCTGAAAAAACTTAATAGTTA",0.00200010984152394,7,NA,0.736923076923077,0.736923076923077,FALSE
"CCGAGTTTACAACTCCCAAACCCCTGTGAACATACCTATCGTTGCCTCGGCGGTGCCCGCTCAGGCGGCCCGCCAGAGGACCCCAAACTCTTGTTTTATACAGTATCTTCTGAGTAACACGATTAAATAAATCA",0.000110443994176759,1,NA,NA,NA,FALSE
"CCGAGTTTACAACTCCCAAACCCCTGTGAACATACCTATGTTGCTTCGGCGGGATTCGCACCGGCGCCTTCGGGCCCGGACCCAGGCGCCCGCCGGAGGACCCAAACTCTTGTCTTCATGAGAATCTTCTGAGTGATACAAGCAAATAAATTA",0.00115937166988988,1,NA,NA,NA,FALSE
"AAGAGTTGAAAATACTCCCAAAACCCCCTGTGAACTCATACCTTTGTCGTTGCTTCGGCGGGCCCTAAAGCCCGCCGGAGGTACTAAAAACTCCTTTTTTTAAGACCTTAAATCTCTGAGCAAAAACACAAATAAAAGTCA",0.000748773828286875,5,NA,0.676923076923077,0.676923076923077,FALSE
"CTGAGTATCTTACTCTCTACCCTTTGTGAACCATTATACCTGTTGCTTCGGCGGCGTCCCCTCGGGGGCGCCCGCCGGTGATCAGAATCTCTGTTTTCGAACCCGACGATACTTCTGAGTGTTCTTAGCGAACTGTCA",0.0013445948704029,7,NA,0.736923076923077,0.736923076923077,FALSE
"CAATCCAATTACACAACCCCATGTGAACCTGTGTTTGTATGTCTTTGGGGGGCTCAAGGTTTTTCCCCTTTTGCCCCCCATGTTTATTGAACCACTCTGGTCTTTTCGTTGGAATAACTTTTATTAGCAATAATAAAGGA",0.000414911412847091,3,NA,0.610769230769231,0.610769230769231,FALSE
"CCTAGAGTTTGTGGGCTTTGCCCGCTACCTCTTACCCATGTCTTTTGAGTACTTACGTTTCCTCGGCGGGTCCGCCCGCCGATTGGACAAAATTAAACCCTTTGCAGTTGCAATCAGCGTCTGAAAAACATAATAGTTA",0.00120100997802749,5,NA,0.676923076923077,0.676923076923077,FALSE
"CTGAGTTTTTAACTCTCCAAACCATGTGAACTTACCACTGTTGCCTCGGTGGTCGGTGCTGGAAACAGTGCTGCCACCGGTGGACTACTAAACTCTTGTTAATTTTTGTCAAATCTGAATCAAACTAAGAAATAAGTTA",0.000229738489068001,6,NA,0.707692307692308,0.707692307692308,FALSE
"CTGTAGGGATTCGTCCCCATTGAGATAGCACCCTTTGTTTATGAGTACCCTGTTTCCTTGGCGGGCTTGCCCGCCACTAGGACCTTTAAAACCCTTTGTAGTAGCAGTATCTTCAGTTAAAACAAAATTATTA",7.45535052060636e-05,1,NA,NA,NA,FALSE
"CTGAGTATCTTACTCTCTACCCTTTGTGAACTATTATACCTGTTGCTTCGGCGGCGTCCCCCCGGGGGCGCCCGCCGGTAATCAGAATCTCTGTTTTCGAACCCGACGATACTTCTGAGTGTTCTTAGCGAACTGTCA",0.00137616398806188,6,NA,0.707692307692308,0.707692307692308,FALSE
"CCGTGGGGATTCGTCCCCATTGAGATAGCACCCTTTGTTTATGAGTACCATTGTTTCCTCGGCGGGCTTGCCCGCCATGAGGACATTCAAAAACCTTTGTAGTAGCAGTATCTTCAGTAAAAAACAAAATATTA",0.000170842983100864,4,NA,0.644615384615385,0.644615384615385,FALSE
"ACAAATCCTGCTGCAGTGCCGCAAGGTGCTGTAGTATATTAACTCGGCCTGTGTCGCAAGATGCAGGCTGATATATAAATGTGTGTAATGTAGACAATGTGTGTGTGATTAATTAGTAGA",0.000480879260722538,4,NA,0.644615384615385,0.644615384615385,FALSE
"ACAAGTTTGTGGACGACGTTTGTCGTCTTCACATTTGCCCGGGATTGCAAGATCCCAAGGCTACATATGCGCGTGTTTGTATGACTGTTTTGATATTGTATAACTTTTA",0.000582608770794643,4,NA,0.644615384615385,0.644615384615385,FALSE
"CTGAGTACTACACTCTCTACCCTTTGTGGACTATTATACCTGTTGCTTCGGCGGCGCCCGCAAGGGTGCCCGCCGGTCTCATCAGAATCTCTGTTTTCGAACCCGACGATACTTCTGAGTGTTCTTAGCGAACTGTCA",0.000268993333774142,1,NA,NA,NA,FALSE
"CCGAGTTGCAAACTCCCAAATCCATCTGTGGACCTCTTAAACGTTGCCTCGGCGGGCTCGCCCGCCGCTGGCCAAGCACAAAACTATTATTAGACATACATCTGAGTTTACAATTTAAAACAATAAAAAATAA",0.001025878222918,1,NA,NA,NA,FALSE
"AGTGATTAAATCGAGCGTGTCTTCATTGACCGCTCACCCTTCTCACCATCCACATACACCTGTGCACTGTTTAGCCTGAGCCGGTTTTCCGGCCCAGGTTATCATTTCATACAAACTCTAGTCTTATGAATGTAAACGTTTTAATAACATAATA",0.0012873488859295,7,NA,0.736923076923077,0.736923076923077,FALSE
"ACAAATCCAAATTATGTGGGTGATATTTGTACACATGTACGTGTCACCCACATATAAGCCCCGTGCAGCAATGCACGTGAGACACATTTTATCGTTTGACATTTCATATCAATGCAGAATC",0.00040247548862169,5,NA,0.676923076923077,0.676923076923077,FALSE
"CAAAATATGACTGTGGCTGCGAGATTGGCGGAAGCTAATTCTCCAGTTACTTGAGCCCACTCCCGAAAGGGAGATGGACAGCATGCAGTGGCCCTTGTGGCTGCTGTGTGTGACATAGACTTTAAATCATGACTTATTTCATTATTAAATAACCA",0.000123562682532906,4,NA,0.644615384615385,0.644615384615385,FALSE
"ATGAATTTAGATTGAACCATGGGCGAAAGCCAGTGGTTCTTCTTTCATATCCATAACACCTGTGCACTGTTGGATGCTTGCATCCACTTTTAAACTAAACATTATTGTAACAAATGTAGTCTTATTATAACATAATA",0.00073523794973646,1,NA,NA,NA,FALSE
"TCGGATGGCGTTGGGAGAACTCTCGACCCGTCACAACCCCCCCAAACCTGTGGAAAGAGCTCTGTGGTTTGGCGCCCTCTTTGGCGCCAGACGGATGCCTTTTTAGCTGTTTGCAGTCTGACTTGCTTATCTGGATTTAA",0.000528592932729916,3,NA,0.610769230769231,0.610769230769231,FALSE
"CCGAGTGCAGGTCTGCCCCCGGGCAGGCCTAACCTCCCACCCGTGAATACCTGACCAACGTTGCTTCGGCGGTGCGCCCCCCCGGGGGTAGCCGCCGGAGACCACATTGAACCTCTTGTCTTTAGTGTTGTCTGAGCTTGATAGCAAACCTATTA",0.000647028926598809,7,NA,0.736923076923077,0.736923076923077,FALSE
"CAGAGTTCATGCCCTCACGGGTAGATCTCCCACCCTTGAATATATTACCTTTGTTGCTTTGGCGGGCCGCTTTGCCCACTGGCTTCGGCTAGTGAGTGCCCGCCAGAGGACTCAAAATTCTGATTTATTATGTCGTCTGAGTACTATATAATAGTTA",0.000431773086558466,6,NA,0.707692307692308,0.707692307692308,FALSE
"ACAATCTATTAAATTAGAACACCTGAAAACCGTTGTAAGTTGGGCGAAAGCCCACCTAACTGTAGCACTGTTGGCATATTTTAATAATTACACTAAAATATAATTAAAAA",0.000364959564727986,4,NA,0.644615384615385,0.644615384615385,FALSE
"TAAAATCCGAGTTCCTGGCCCAAAAAGCCAGGATTCTCTTATCCCCTGTGAACCGTTTATTGTCTCTTGTGACTCTCTTTGTAGGTCACAGTAAAAACCCAGAACTAGTAGTAATTCTTGCCTATATTTTGTTTATTAAATTATGA",5.26486093465501e-05,1,NA,NA,NA,FALSE
"TCAAGTTACAGCGGAGGCGCCCTCGGGTGTCCTCCTGTCTGCAACCCTTGTCTTTTGCGTACTGTATGTTTCCTCGGTGGGCTCGCCCGCCGATAGGACATTCATAAACCCTTCGTAGTTGCAATCAGCGTCAGAAATAACTATAATAGTTA",0.000238861517051857,4,NA,0.644615384615385,0.644615384615385,FALSE
"ACAAATCAAACACATACCCTGTGTAAGCGTCTGTTCCTGGCTGGGTCAAGTGGGGAGTGCGCGGTCTCGCGCGCCCACCAGGATCAACAACCAAACCAAATATCTTATTGTCAGCTGTATTACACAATATGTAATGACAAA",0.000659153135968074,6,NA,0.707692307692308,0.707692307692308,FALSE
"CAAATCAGTTTGGTGTGGGGTGTGTGGTGAAAGTGTGGGTAGCAATACCTTTACTCTATATCACTCACTCTACTAGCACCAATATTTACGCTTGTTGTGTTTGACAGAGTAATTTCGATATTAAAAATAGA",0.000244559464451274,1,NA,NA,NA,FALSE
"TATGACGCCCCAGGCTTGTACAGCTGGGAACGCACAACCCTTTGTTTTCCGACTCTGTTGCCTCCGGGGCGACCCTGCCTTCGGGCGGGGGCTCCGGGTGGACACTTCAAACTCTTGCGTAACTTTGCAGTCTGAGTAAACTTAATTAATAAATTA",0.000531942199608797,6,NA,0.707692307692308,0.707692307692308,FALSE
"ATAATAAGTGTTTTATGGCACTTTTTAAATCCATATCCACCTTGTGTGCAATGTCAGTCGATCTTCTTCATGGAGATCGACCAAACATCAACCTTTATCTTTTAACTCTTTGTCTGAAAAATATTATGAATAAACAATTCAAAATA",0.000436052540854037,2,NA,0.575384615384615,0.575384615384615,FALSE
"CTGAATGATCATCCTTGATCTTCTTACCCTCAAACCACTGTGGAACACTAGACGTGCTTCGGCGCCGTCGGCGCCGCCTTTATGCTTCAACAATGTCATTTTCGTCTGAAGAATAGAAATTTCA",0.000487209827373326,3,NA,0.610769230769231,0.610769230769231,FALSE
"CTGAGCGAGGGCCCCCGGGCCCGACCTCCCACCCTCTGTGAACCCAACTTGTTGCTTCGGGGGCGACCCTGCCGACTATGCGGCGAGCGCCCCCGGAGGCCCCTGACCCTGCATCTCTGCGTCGGAGTTTAAGCAAATTAAACA",6.17225723044472e-05,2,NA,0.575384615384615,0.575384615384615,FALSE
"CCTAGAGTTGCGGGCTTTGCCTGCCATCTCTTACCCATGTCTTTTGAGTACCTTCGTTTCCTCGGCGGGTCCGCCCGCCGATTGGACAACATTTAAACCCTTTGTAGTTGCAATCAGCGTCTGAAAAAACTTAATAGTTA",0.000438231756967944,6,NA,0.707692307692308,0.707692307692308,FALSE
"CAAAATGTTAAAGGGGTGCAGTTGCGTGTTTGCAAAAGCGACTGTGACTGCACTCTGTAAGCCCACTCCCGAAAGGGAGATGGACACGTGTGCGCTTTCGAGCGTGCATGACATAGACTTTATATCATGACTTAACCAACCATTAAATTAAAACCA",0.000572912688106333,1,NA,NA,NA,FALSE
"CAAAATCCATGGCTCGCAAGAGTCTCAACCCCTTGTGCACCATTCACGTTTCTGGGCTCGCAAGAGCCCGACTAAACACTTTATTTACAGTCTGATCTTTTACTAAAGAAAA",0.000215581513166641,1,NA,NA,NA,FALSE
"CCGAGTGAGGGCCCTCGCGCCCGACCTCCAACCCTTTGTTAATGAATATGACGTTGCCTCGGGGGGCGACCCGGCTCGCGCCGGCGAGCCCCCCGGAGGACTACAACCTAAACTCTGCATCTTTGCGTCGAGTATTGAAACTAAATCAATCA",4.57312738119668e-05,1,NA,NA,NA,FALSE
"CTGAGTGCGGGCTGCCTCCGGGCGCCCAACCTCCCACCCGTGAATACCTAACACTGTTGCTTCGGCGGGGAACCCCCTCGGGGGCGAGCCGCCGGGGACTACTGAACTTCATGCCTGAGAGTGATGCAGTCTGAGTCTGAATATAAAATCAGTCA",0.000583256286332757,4,NA,0.644615384615385,0.644615384615385,FALSE
"ACAAATCCTGCTGCAGTGCCGCAAGGTGCTGTAGTATATTAACTCGGCCTGTGTCGTAAGATGCAGGCTGACTAAATAAATGTGTGTAATGTAGACAATGTGTGTGTGATTAATTAGTAGA",0.000711878559004934,3,NA,0.610769230769231,0.610769230769231,FALSE
"TCGTGGGGCTTCGGCCCTCTCGAGATAGAACCCTTGCCTTTTTGAGTACCTTCGTTTCCTCGGCAGGCTCGCCTGCCAATGGGGACCCCAATAAACCCTTTGTAATACCTGTAATCGTCTGACAAAACAAACAAAAATTA",0.000542677843523069,7,NA,0.736923076923077,0.736923076923077,FALSE
"ATAATAAGTGTTTTATGGCACTTTTTAAATCCATATCCACCTTGTGTGCAATGTCAGTTGATCTTCTTTATGGAGATCGACCAAACATCAACCTAATTTTTTAACTCTTTGTCTGAAAAATATTATGAATAAAATAATTCAAAATA",0.000396135250609481,2,NA,0.575384615384615,0.575384615384615,FALSE
"CAAGTTTTGTGTAGAGACTGTGTGGTTGTTGTTAAAGACACCACTGTCTACTATATATTCATGCGTGTTGTGTTTGACAGAGTTATTAGTGACAAACTATGA",0.000584662521437875,5,NA,0.676923076923077,0.676923076923077,FALSE
"CTGAGCGAGGGCCCCCGGGCCCGACCTCCCACCCTCTGTGAACCCAACTTGTTGCTTTGGGGGCGACCCTGCCGTCTATGCGGCGAGCGCCCCCGGAGGCCCCTGACCCTGCATCTCTGCGTCGGAGTTTAAGCAAATTAAACA",0.000551477627503631,5,NA,0.676923076923077,0.676923076923077,FALSE
"GTGAATATAGGACGTCCAACTTAACTTGGAGTCCGAACTCTCACTTTCTAACCCTGTGCACTTGTTTGGGATAGTAACTCTCGCAAGAGAGCGAACTCCTATTCACTTATAAACACAAAGTCTATGAATGTATTAAATTTTATAACAAAATA",0.000501298602093041,1,NA,NA,NA,FALSE
"ATGATGCCCTCGAAGTCTTTGGACTGGTAGGGTTTGTGTCGGTCTCTCCGGAGCCGACCTTATCTCACACACCGTGAACTGTGGCTTCGGCCATTTACACAAACTGTTAGTAATGAATGTAACATCATAACAAACATA",0.000318514782131722,6,NA,0.707692307692308,0.707692307692308,FALSE
"CCGTAGGGGCGTAACACCCCCTTCGAGATAGCACCCTTGATTTTCGAGCACCTTCTGTTTCTTCGGCGGGCCCGCCCGCCGGTGGACAACCTCAAACCCTTTATTGCAATAGCAGTACTCTGATAAACAAAACAAATAATCA",0.000245242865658597,4,NA,0.644615384615385,0.644615384615385,FALSE
"CAAAATCCATGGCTCGCAAGAGTCTCAACCCCTTGTGCACCATTCACGTTTCTGGGCTCGCAAGAGCCCAACTAAACACTTTATTTACAGTCTGATCTTTTACTAAAGAAAAA",0.000254840550948503,3,NA,0.610769230769231,0.610769230769231,FALSE
"CAGAGTTGCAAAACTCCCAACCCTTTGCGAACGAGCTAGACAGTTGCCTCGGCGGAGGCCCCTTCAGGGGGCTGTCCGCCGGAGGACCGCTAAACTCTTGTATTTTTGGCCTCTCTGAGTAATTCTATAATGAATCA",0.000386048140601121,1,NA,NA,NA,FALSE
"CCGAGTTTACAACTCCCAAACCCCTGTGAACATACCTATCGTTGCCTCGGCGGTGCCCGCTCCGGCGGCCCCCCAGAGGACCCCAAACTCTTGTTTTATACAGTATCTTCTGAGTAACACGATTAAATAAATCA",4.5202816182049e-05,1,NA,NA,NA,FALSE
"CCAAGTTTACAACTCCCAAACCCCTGTGAACATACCACTTGTTGCCTCGGCGGATCAGCCCGCTCCCGGTAAAACGGGACGGCCCGCCAGAGGACCCCTAAACTCTGTTTCTATATGTAACTTCTGAGTAAAACCATAAATAAATCA",0.000458330150485066,1,NA,NA,NA,FALSE
"CCGAGTTTACAACTCCCAAACCCCTGTGAACATACCTATCGTTGCCTCGGCGGTGCCCGCTCCGGCGGCCCGCCAGAGGATCCTAAACTCTTGTTTTATACAGTATCTTCTGAGTAACACGATTAAATAAATCA",0.000615795145481603,1,NA,NA,NA,FALSE
"CCGAGTTTACAACTCCCAAACCCCTGAGAACATACCTATCGTTGCCTCGGCGGTGCCCGCTCCGGCGGCCCGCCAGAGGACCCCAAACTCTTGTTTTATACAGTATCTTCTGAGTAACACGATTAAATAAATCA",4.42707993535531e-05,1,NA,NA,NA,FALSE
"CAAATCATTTGGGTATAATTAATTCAATTGAATTGGTTTTACCCGTTTGCACGAGATTGAAAAATCTCGATGTTTACGCTTGCGTGTTTGACAGAGTAAAATGATACCATAAACAAATGA",0.000216103651169415,1,NA,NA,NA,FALSE
"ACAAAACTAGTCTTTGAGACTAATACAAGGGCTTCGGCCTGCGTTATACACCTGTGAAGCTATATGTCTTTGGCGAGCCTAGCGCTCGTCACTTGTATTTACCCTACTTTAATAATGACTGAATCAAGAATCTAATTAAAAA",0.000379320971203563,3,NA,0.610769230769231,0.610769230769231,FALSE
"CCGAGTACTATAACTCATAACCCTTTGTGAACCTTCATACCTGTTGCTTCGGCGGCGCGCCTCTCGGGGCGTGCCCGCCGGCATTATCAGAATCTCTGTTCGAACCCGACGATACTTCTGAGTGTTCTAAGCGAACTGTTA",0.000630628964293139,7,NA,0.736923076923077,0.736923076923077,FALSE
"ATAATAAGTGTTTTATGGCACTTTTTAAATCCATATCCACCTTGTGTGCAATGTCAGTCGATCTTCTTCATGGAGATCGACCAAACATCAACCTTTATTTTTTAACTCTTTGTCTGAAAAATATTATGAATAAACAATTCAAAATA",0.000780303095143166,5,NA,0.676923076923077,0.676923076923077,FALSE
"CAAATCAGTAAAGGGTAAATACAATGATACATTTATTATTATATTTGCCCGTTTGCACGAGGTCCATTGATCTCGATGTTTACGCTTGCGTGTTTGACAGAGTAAAATGATGATACCATAAACAAATGA",0.000152703571826371,1,NA,NA,NA,FALSE
"CTGAGTACTACACTCTCTACCCTTTGTGAACTATTATACCTGTTGCTTCGGCGGCGCCCGCAAGGGTGCCCGCCGGTCTCATCAGAATCTCTGTTTTCGAACCCGACGATGCTTCTGAGTGTTCTTAGCGAACTGTCA",0.000396264609273547,1,NA,NA,NA,FALSE
"CTAAGTTTTAAACAACTTACCCAAAAACTGTGGACTGTTTACCCCTCTCTAAAGCTTTTCGGAGTTTTTTAGAGGGCCCCTTCTTATTCACCAAACCTTTAGTTTACACTTGATCTACTATTTTGAATCTAAAATTCAAACA",0.000637810633557881,6,NA,0.707692307692308,0.707692307692308,FALSE
"ATAGTGCCCATTGATGCAAATCATTGGGTTAGATCTGCCCTTATCGCAAGATGAGGGCTTCCATATACACCGTGAACTGTGGCTTCGGCCATCACAAACTGTTAGTAATGAATGTAATATCATAACAAAAACA",0.00288688435325215,3,NA,0.610769230769231,0.610769230769231,FALSE
"CCAAGTTTTAAACAACTTACCCAAAAACTGTGGACTGTTTACCCCTCTCTAAAGCTTTTCGGAGTTTTTTTAGAGAGGGCCCCTTCTTATTCACCAAACCTTTAGTTTACACTTGATCTACTATTTTGAATCTAAAATTCAAACA",0.0010607601783552,5,NA,0.676923076923077,0.676923076923077,FALSE
"CCGTAGGGGCGTAACACCCCCTTCGAGATAGCACCCTTGATTTTCGAGCACCTTCTGTTTCTTCGGCGGGCACGCCCGCCGGTGGACAACCTCAAACCCTTTATTGCAATAGCAGTACTCTGATAAACAAAACAAATAATCA",0.000506748088469236,1,NA,NA,NA,FALSE
"CTGAGTACTACACTCTCTACCCTTTGTGAACTATTACACCTGTTGCTTCGGCGGCGCCCGCAAGGGTGCCCGCCGGTCTCATCAGAATCTCTGTTTTCGAACCCGACGATACTTCTGAGTGTTCTTAGCGAACTGTCA",0.000319863524896044,1,NA,NA,NA,FALSE
"ACAAAACTAGTCTTTGAGACTAATACAAGGGCTTCGGCCTGAGTTATACACCTGTGAAGCTATATGTCTTTGGCGAGCCTAGCGCTCGTCACTTGTATTTACCCTACTTTAATAATGACTGAATCAAGAATCTAATTAAAAA",0.000140127983558317,1,NA,NA,NA,FALSE
"ACAAATCCTGCTGCAGTGCCGCAAGGTGCTGTAGTATATTAACTCGGCCTGTGTCGCAAGATGCGGGCTGAATATTAATGTGTGTAATGTTGACAATGTGTGTGTGAATAATTAGTAGA",0.000138331470948595,1,NA,NA,NA,FALSE
"TTGAATTCAAATCATCTGTGGCTTCGGTCCGGATGTGCCAACAGGTAACACTGTTGGTAATTCTATCCATAACACCTGTGAACTGTTGGATGCTTGCATCCACTTTTATACTAAACATTATTGTAACAAATGTAGTCTTATTATAACTAATA",0.000115712216204519,1,NA,NA,NA,FALSE
"CCGAGTTAACAACTCCCAAACCCCTATGTGAACCTATACCAAACGTTGCTTCGGCGGGAACGCCCCGGCTCAGCCCGGAACCAGGCGCCCGCCGAGGACCCCCAAACCCATGTTTTCTTACAGTTTTTTCTGAGTGGCAAACGCAAAATAAATTA",0.000605227204942181,7,NA,0.736923076923077,0.736923076923077,FALSE
"AGTGATTAAATCGAGCGTGTCTTCATTGACCGCTCACCCTTCTCACCATCCACATACACCTGTGCACTGTTTAGCCTGAGCCGTTTCGGTTCAGGTTATCATTTCATACAAACTCTAGTCTTATGAATGTAAACGTTTTAATAACATAATA",0.000549454676079114,6,NA,0.707692307692308,0.707692307692308,FALSE
"CCGTGGGGATTCGTCCCCATTGAGATAGCACCCTTTGTTTATGAGTACCCTGTTTCCTCGGCGGGCTTGCCCGCCGCTAGGACCTTTAGAACCCTTTGTAGTAGCAGTATCTTCAGTTAAAACAAAATTATTA",0.000215944904867515,1,NA,NA,NA,FALSE
"ATGAATTTGTCTTCGGACATTCTCTCATACACTTGTGAACTTACACTGTTGCTTGGTGGAGATGCGGTCTAGAAATGGATGCGCGCCACCGAGATTTTTTCACCCATTTTTATGTCTGAACAAAACAAAAAATAAAACA",0.000353741882533,3,NA,0.610769230769231,0.610769230769231,FALSE
"ACGATTTCGGTTTACACCGTTCTCTACCTATGTCTACGCGTACCACATGTTTCCTCGGGGGGCTTGCCCCCCGTTAGGACTCACTATTAAACCTTTTTGTAATAGAAGTCAGCGTCTGATAATAATTTAATTATTA",0.000767637039766984,7,NA,0.736923076923077,0.736923076923077,FALSE
"ATAATAAGTGTTTTATGGCACTTTTTAAATCCATATCCACCTTGTGTGCAATGTCAGTTGTTCCTTGCGAATAACTAAACATCAACTCAACTTAACCTTTAGTCTGAAAAATATTATGAATAATTAATTCAAAATA",0.000316482763391105,3,NA,0.610769230769231,0.610769230769231,FALSE
"TTGATTTCGGGGCTTCGGCCCTGCACCTTCATCCTTGTCTTTTTTCGCACCGTTTGTTTCCTCGGCAGCTCTGCCTGCCAGTGAGGACCCCCAGTAAAACCTTTTGCAATACAGGATAACCTTCTGAAGAACCCAATATTA",0.000159867734909593,4,NA,0.153846153846154,0.153846153846154,FALSE
"TTGAATTCAAATCATCTGTGGCTTCGGTCCGGATGTGCCAACAGGTAACACTGTTGGTAATTCTATCCATAACACCTGTGAACTGTTGGATGCTTGCATCCACTTTTATACTAAACATTATTGTAACAAATGTAGTCTTATTATAACATAATA",8.83722324086994e-05,3,NA,0.610769230769231,0.610769230769231,FALSE
"ATAAATGCTTCATTGCATCCACCTTTTGTGCACTGTAAATATTTCACTTGAATTTTGTCTGATTAATCTTTGTTCTGAAAGGAACATGAATTATAATCTAATA",0.000135024021133616,3,NA,0.610769230769231,0.610769230769231,FALSE
"CCGAGTTATACTCCAAACCCTTTGTGAACCTTACCAACTGTTGCTCGGCGCGCAGCGGGGGCGCCTAACCGCCCCCCGCGACGCGCCAGAGGACCCAAATTCTTATCTTACAGCGTACCTTCTGATTAAAAAGACAAACAGTCA",0.000525135482121332,7,NA,0.736923076923077,0.736923076923077,FALSE
"CCGAGTTTACAACTCCCAAACCCCTGTGAACATACCTATTGTTGCCTCGGCGGTGCCTGTTCCGACAGCCCGCCAGAGGACCCCAAACCCTGATTACATTAAAGAATTCTTCTGAGTAACCGATTAAATAAATCA",0.000234525791552014,5,NA,0.676923076923077,0.676923076923077,FALSE
"CCGAGTTTACAACTACCAAACCCCTGTGAACATACCTATCGTTGCCTCGGCGGTGCCCGCTCCGGCGGCCCGCCAGAGGACCCCAAACTCTTGTTTTATACAGTATCTTCTGAGTAACACGATTAAATAAATCA",3.42444367898056e-05,1,NA,NA,NA,FALSE
"CAAATCACTTGTGGATAGTGTGGCACCTCGGTGTCATGCTTGAAACACATAAGCACAAGGCGCATGTGGCTCCAGTCAGTCACATGCTGCTTTGATGTTCACGCTTGTTTGTTTGACAAAGTTATGGTAACAATAAATAAAGA",0.000380969445683572,2,NA,0.575384615384615,0.575384615384615,FALSE
"TCAAGTGATGTGCCCTTGTGGCTCTACCCTTTGAAACTGTGGAAGGGAAGTCTGCCTTGGCGCCGTTAGGCGTCAGATTTATGCCTAAAGTAAGTTTGGCTCTGAACTAGAGATGAAATGA",0.000289617172497925,3,NA,0.610769230769231,0.610769230769231,FALSE
"ACTAATTTGGTAGAACTATTCTACCTATAACCTTTGTGCATCGTTCGACTTTCGGGTCGAACACACGCATTATGCGTGGATCTATACGTTTATTTAGAGTCTTATTTAATATCTAATATTAAAAA",0.000392621449248495,3,NA,0.610769230769231,0.610769230769231,FALSE
"CCGAGTTTACAACTCCCAAACCCCTGTGAACATACCTATTTGTTGCCTCGGCGGTGCCTGTTCCGACAGCCCGCCAGAGGACCCCAAACCCTGATTACATTTAAGAAGTCTTCTGAGTAAACCGATTAAATAAATCA",0.000466817418846663,7,NA,0.736923076923077,0.736923076923077,FALSE
"CCGAGTACTATAACTCATAACCCTTTGTGAACCTTTATACCTGTTGCTTCGGCGGCGCGCCCCCCGGGGCGTGCCCGCCGGTATCATCAGAATCTCTGTTTGAACCCGACGATACATCTGAGTGTTCTAAGCGAACTGTTA",0.000376197093159256,7,NA,0.736923076923077,0.736923076923077,FALSE
"CAGAGTTCATGCCCTCACGGGTAGATCTCCCACCCTTGAATATCATACCTTAGTTGCTTTGGTAGGCCGTGGAAACACTATGGGCTCCAGCTCGTACTTGCCTACCGAAGGAAACAAACTCTGTTTCTAGTGATGTCTGAGTACTATATAATAGTTA",2.38263779524533e-05,1,NA,NA,NA,FALSE
"CAAATCGATGGTGGGTATAATTAATTCAATTGAATTGGTTTTACCCGTTTGCACGAGGTCCATTGATCTCGATGTTTACGCTTGCGTGTTTGACAGAGTAAAATGATGATACCATAAACAAATGA",0.000109587269193042,1,NA,NA,NA,FALSE
"ATGAATTTAGATTGAACCCTAGGCGAAAGCCAGTGGTTCTTCTTTCATATCCATAACACCTGTGCACTGTTGGATGCTTGCATCCACTTTTAAACTAAACATTATTGTAACAAATGTAGTCTTATTATAACATAATA",9.16681193308528e-05,1,NA,NA,NA,FALSE
"CTGAACGATCATCCTTGATCTTCTTACCCTCAAACCACTGTGGAACACGAGACGTGCTTCGGCGCCTTTGGCGCCGCCTTTATGCTCCGACAATGTCTTTTTTTGTCTGAAGAACTGAATGTCA",0.000233910752930646,3,NA,0.610769230769231,0.610769230769231,FALSE
"GTGAATAATAGGGTGTCTAATTTAACTTAGAACCCGACCTTCTCACATCTAACCCTGTGCATCTGTATTAATGGCGAGCAATCTTCGGATTGTGAGCCTTCACTTTATAAACACTAGTCTATGAATGTATTTAATTTATAACAAATAA",0.000244423645856537,3,NA,0.610769230769231,0.610769230769231,FALSE
"ACAGGTTCTGGTCGGCGGCTCCGTCGCACCGTTCCTCCCTCTGTCTACCGTACACCGTTGCTCGGGCGGGCTCCGGCCCGCGCGGGAACACCACAACCTTTCTTAGCGAACGTCTGAGTACCAACAAATACAAACA",0.00028168207165228,1,NA,NA,NA,FALSE
"CCGAGTTTACAACTCCCAAACCCCTGTGAACATACCTATCGTTGCCTCGGCGGTGCCCGCTCCGGCGGCCCGCCAGAGGACCCCAAACTCGTGTTTTATACAGTATCTTCTGAGTAACACGATTAAATAAATCA",2.74944964406277e-05,1,NA,NA,NA,FALSE
"TAGAATCTGGGTTGGCCTGGCGGGCTCTTGTGCTCTGACCGGCCACAGACCTACCTTCAGCCTGTGGAAACGAGCTGTGCTTCGGCGTCCCTTTTGGGGCGCCGCCTTTATGCTGTCTGTTTTGGCTTGTCTGTTACATAAATAAAATCA",0.00016925411462589,1,NA,NA,NA,FALSE
"CTGAGTACTACACTCTCTACCCTTTGTGAACTATTATACCTGTTGCTTCGGCGGCGCCCGCAAGGGTGCCCGCCGGTCTCATCAGAATCTCTGTTTTCGAGCCCGACGATACTTCTGAGTGTTCTTAGCGAACTGTCA",0.000272133526850508,1,NA,NA,NA,FALSE
"CTGAATGGCCTTTGGGCCTTCAACCTTGCAAACCTGTGGAAGCAAGATGTGCTTCGGCGCTTCGGCGTCGCTTTTATGCCTTAATCAGTCTATGTGTGTGAATTAAATACAAGAAATA",0.000365628367629702,1,NA,NA,NA,FALSE
"CAAATCGTGAGGTGGGAGGGAATAGTGGAGCGATCCAACTAGCCGTCCCACCGCAACACATGTTCGGGGCAGCGATGCTCCGTGACATTTACGCTTGTTAGTTTGACAGAGTAACAGTGAATTACAAATTAGA",0.000233746422039417,1,NA,NA,NA,FALSE
"CAGAGTTGAAAAACTCCCAAACCCACTGTGAATCTACCTGTACTTGTTCCTTCGGCAGGCGGCCCCCGGGGGGGCTACGCCGCAAGGCGCCTGCCGAGGGAGAACCAAACTCTTGCTACTTAGTGTTCTCTGAGCAACTATAAAAAAGTCA",0.000210736822945359,3,NA,0.610769230769231,0.610769230769231,FALSE
"ATAATAAGTGTTTATGGCACTTTTTTAAATCCATATCCACCTTGTGTGCAATGTTAGGTCTCTGTCAGTTTCGACCGACGAGATTTTTATACATCAACTCATTCTTTAAACCAATTTGTCTGAAAAATATTATGAATACTTAATTCAAATA",0.000335089538560464,4,NA,0.644615384615385,0.644615384615385,FALSE
"ATAATAAGTGTTTTATGGCACTTTTTAAATCCATATCCACCTTGTGTGCAATGTCAGTCGGTCTTCTCTATGGAGATCGGCCAAACATCAACCTAATTTTTTAACTCTTTGTCTGAAAAATATTATGAATAAAATAATTCAAAATA",0.000224424885804369,4,NA,0.644615384615385,0.644615384615385,FALSE
"TCACGTATCCACGTTATAAACCAACTGTGAACTGTTTACAATTAACCACTTGAACCAATTAATTTTACTTTGTTTGTACTGATTTGTTCTTTACTCAGGTGTAACAACCCGAGAAGGAATGTAATACGAAACAAAAGAA",0.000127697612054655,1,NA,NA,NA,FALSE
"CCGAGAGTTGTAGGCTTCTGTCTACCATCTCTTACCCATGTCTTTTGCGTACTACACGTTTCCTCGGCAGGTCCGCCTGCCGCTAGGACAAAATTAAACCATTTGCAGTTGCAGTCAGCGTCTGAAAAACTTAATAATTA",8.68798393730292e-05,4,NA,0.153846153846154,0.153846153846154,FALSE
"TCGAGAGACCCTACTCGGGTCTTCAAACCCTCAAACCAGTGGATTTGAGATGTGTTTCGGCCCTATGAATTTGGGGCCGTATTCATGCTTTTTAAATGTGTCTGAAATATATTGCCTAGAAAATA",0.000197881485353311,3,NA,0.610769230769231,0.610769230769231,FALSE
"CCGAGTTTACAACTCCCAAACCCCTGTGAACATACCTATCGTTGCTTCGGCGGGACCGCCCCGGCGCCCCCAGGCCCGGACCCAGGCGCCCGCCGGAGGACCCAAACTCTTGTTTTTCTGAAGTATCTTCTGAGTGACACAAGCAAATAAAATCA",0.000125241888745911,1,NA,NA,NA,FALSE
"ACAAGTCCAACATGTAGTGTTGTTTTTACTAACACACTATATAAGCCCCGTGCAGCAATGCACGTGTGACACATTTTATCGTTTGACGGAATCAATGTAATAATAGAGA",0.000296496596219075,1,NA,NA,NA,FALSE
"TCAATATCAGCGGACTTCGGTCCCTGCTATACCCTTGTCTTTTGCGTACCACACGTTTCCTCGGCGGGCTTGCCTGCCGATCGGACAACCATAAACCCTTTGCAGTTGCAATCAGCGTCAGAAAAAAACAATCGTTA",8.98256304861004e-05,1,NA,NA,NA,FALSE
"ACAAATCTCAAAACAGTTTTGCCCATGACGAGGCTGTAGACACGAAAATGTCTACAATCAGCCATGGGTATCACACACATACACATTGATTGACACATTTCAGAAGACCAAGAACTTAAATGTTAA",8.98256304861004e-05,1,NA,NA,NA,FALSE
"CAGAGTTCATGCCCTCACGGGTAGATCTCCCACCCTTGAATATCATACCTTAGTTGCTTTGGTAGGCCGTGGAAACACTATGGGCTCCAGCTCGTACGGGCCTACCGAAGGAAACAAACTCTGTTTCTAGTGATGTCTGAGTACTATATAATAGTTA",7.54088668762028e-05,1,NA,NA,NA,FALSE
"ATAATAAGTGTTTTATGGCACTTTTTAAATCCATATCCACCTTGTGTGCAATGTCAGTCGATCTTCTTCATGGAGGTCGGCCAAACATCAACCTTATCTTTTAACTCTTTGTCTGAAAAATATTATGAATAAACAATTCAAAATA",0.000229882483341375,3,NA,0.610769230769231,0.610769230769231,FALSE
"CAAGTGACCCCGGTCTAACCACCGGGATGTTCATAACCCTTTGTTGTCCGACTCTGTTGCTTCCGGGGCGACCCTGCCTTCGGGCGGGGGCTCCGGGTGGACACTTCAAACTCTTGCGTAACTTTGCAGTCTGAGTAAACTTAATTAATAAATTA",8.62326052666564e-05,1,NA,NA,NA,FALSE
"TAAAATCCGAGTTCCTGGCCCAAAAAGCCAGGATTCTCTTATCCCCTGTGAACCGTTTATTGTCTCTTGTGACTCTCTTTGTAGGTCCCAGTAAAAACCCAGAACTAGTAGTAATTCTTGCCTATATTTTGTTTATTAAATTATGA",0.000137763195291728,3,NA,0.610769230769231,0.610769230769231,FALSE
"CAAATCTCGTTCTGCGTGCCGTGTGCCCTGCCTGCGCATGCGTGGGTGGGGTGGCTGGCAGCAGCACATTGGCACGGCGGGCCTCTCGGGGTCCGTCGATGTTTACGCTTGTTTGTTTGACGGAGTAATGTGTGCCATTAAACAAAGA",0.000188637463400231,1,NA,NA,NA,FALSE
"TCAAGTTACAGCGGAGGCACCCTCGGGTGTCCTACTGTCTGCAACCCTTGTCTTTTGCGTACTGTATGTTTCCTCGGCGGGCGAGCCCGCCGATAGGACACTTATAAACCCTTTGTAATTGCAATCAGCGTCAGAAAAACTTATAATAGTTA",4.78258374304134e-05,1,NA,NA,NA,FALSE
"CCGAGTTTACAACTCCCAAACCCCTGTGAACATACCTATCGTTGCCTCGGCGGTGCCCGCTCCGGCGGCCCGCCAGAGGACCCAAAACCCTGAATTATTAGTGTCGTCTGAGTAAAATATTTAATATTTA",8.02308528626654e-05,5,NA,0.676923076923077,0.676923076923077,FALSE
"GTGAATTGAGCTGGCTTCGGCCGCTCTGATCTATACACACCTGTGAACTGTTGGCCTTCGGGTCTTTAACTACAACTGTGACGAACGTAAATTATTATAATCAATA",0.000463729344265815,5,NA,0.676923076923077,0.676923076923077,FALSE
"CCTAGAGTTTGTGGACTTCGGTCTGCTACCTCTTACCCATGTCTTTTGAGTACCTTCGCTTCCTCGGCGGGTCCGCCCGCCGGTTGGACAACATTCAAACCCTTTGCAGTTGCAACCAGCGTCTGAAAAAACTTAATAGTTA",1.65247459992821e-05,1,NA,NA,NA,FALSE
"ACACGTTTACAACTCCCAAACCCCTGTGAACATACCTATCGTTGCCTCGGCGGTGCCCGCTCCGGCGGCCCGCCAGAGGACCCCAAACTCTTGTTTTATACAGTATCTTCTGAGTAACACGATTAAATAAATCA",1.9572353398413e-05,1,NA,NA,NA,FALSE
"CCGTGGGGATTCGTCCCCATTGAGATAGCACCCTTTGTTTATGAGTACCCTGTTTCCTCGGCGGGCTTGCCCGCCGCTAGGACCTTTAAAACCCTTTGTAGTAGCAGTATCTGCAGTTAAAACAAAATTATTA",1.61404495806942e-05,1,NA,NA,NA,FALSE
"AGTGATTAAATCGAGCGTGTCTTCATTGACCGCTCACCCTTCTCACCATCCACATACACCTGTGCACTGTTTAGCCTGAGCCGGTTTTCCGGTCCAGGTTATCATTTCATACAAACTCTAGTCTTATGAATGTAAACGTTTTAATAACATAATA",0.000262995843382768,1,NA,NA,NA,FALSE
"ATAATAAAGTGTTTTATGGCACTTTTTAAAAATCCATATCCACCTTGTGTGCAATGTTAGATCTCGTCAATCTTGGCGAGGTTTTTTATACATCAACTCATTCTTTAACTAATTTGTCTGAAAAATATTATGAATAACTTAATTCAAAATA",0.000177580243056059,3,NA,0.610769230769231,0.610769230769231,FALSE
"ATAAATGGCGAAGCTTTCGAGCCTAGCTTTTATCATCCTATACACCTGTGAACTATTTGCCTTCGGGCACCAAACAAACATAATGTAATGAATGTAATCTACTATAATAAATA",6.18352708384863e-05,1,NA,NA,NA,FALSE
"TCGAATGGTCTCCATGGCCTTCTGACCCATAAAGCCTGTGGCAAAATACTGTGCTTTGGCGCCGTGTGCGCCATGATTATGCATGCATGCCTTTTGTCTGAAGGATGAAAACAAGTTA",0.000163430555487501,3,NA,0.610769230769231,0.610769230769231,FALSE
"GAGAATCCGGGGCGGCCGTGCCCGGGGCCTTTGCGCCCCGACCGGCCGCGGACCCACCCTCCAGCCTGTGGAAACGAGCTGTGCTTCGGCGTCCCCTCGTGGCGCCGCCTTTATGCTGTCTGGCTTGTCTTGTCTGTCATGAAAAGAGAAATCA",0.00017556785520688,2,NA,0.575384615384615,0.575384615384615,FALSE
"CCGAGCTCGACTCCAACACCCCCTGTGGACGCTACCGTACGTTGCCTCGGCGGCGCGCCTCGGCCGGGCGCCCGCCGGAGGACCCCCCAAACTCCTGCCTCCCCAGTGGTTCTCCTCCGAGTGTTTGGGCGACAGAACGAGTCA",7.00639917791583e-05,1,NA,NA,NA,FALSE
"CCGAGTTTACAACTCTCAAACCCCTGTGAACATACCTATCGTTGCCTCGGCGGTGCCCGCTCCGGCGGCCTGCCAGAGGACCCCAAACTCTTGTTTTATACAGTATCTTCTGAGTAACACGATTAAATAAATCA",1.96401916882709e-05,1,NA,NA,NA,FALSE
"CCGAGTTTACAACTCCCAAACCCCTGTGAACATACCTACAACGTTGCCTCGGCGGCTCCCCGCTTCCCCGTAAAACGGGAGCGGCCCGCCAGAGGACCCAACAAACTCTGTTATTTTCAGTATCTTCTGAGTAAAAACACAATCAATTA",0.000238095199808956,6,NA,0.707692307692308,0.707692307692308,FALSE
"CAGAGTTCATGCCCTCACGGGTAGATCTCCCACCCTTGAATATCATACCTTAGTTGCTTTGGTAGGCCGTGGAAACACTATGGGCTCCAGCTCGTACGTGCCTACCGAAGGAAACAAACTCTGTTTCTAGTGATGTCTTAGTACTATATAATAGTTA",1.46032639063424e-05,1,NA,NA,NA,FALSE
"CAAATCGTGAGGTGGGAGGGAATAGTGGAGCAATCCAACTAGCCGTCCCACCGCAACACATGTTCGGGGCAGCGATGCTCCGTGACATTTACGCTTGTTAGTTTGACAGAGTAACAGTGAATTACAAATTAGA",0.000219407481202116,1,NA,NA,NA,FALSE
"ACAGGTTCTGGTCGGCGGCTCCGTCGCACCGTTCCTCCCTCTGTCTACCGTACACCGTTGCTCGGGCGGGCTCCGGCCCGCGCGGGAACACCACAACCTTTCTTAGCGAACGTCTGAGTGCCAACAAATACAAACA",0.000176648078832786,1,NA,NA,NA,FALSE
"CCGAATGGCCCAATTGGGCCTTCAACCCCAAAATACTGTGGAAGCTAATTGTGCTTCGGCGCCTCTGGCGTCGTATTTATGCAACCGACCGTCTGTGTCTGAATTAAACCTAGAATTA",0.000135802918866364,2,NA,0.575384615384615,0.575384615384615,FALSE
"ACGAATGACCCTTTGGGCCTTCCAACCCATTGAACCTGTGGAATTGAGAAATGTGCTTCGGCGCCAGAAGGCGCCGCTTTTATGCTGTAACATGTCTTGTCTGAAATCAACCAAGAATTGA",0.00012311904640984,3,NA,0.610769230769231,0.610769230769231,FALSE
"CATGATTTGAGGGGGCTCACGTCCCCTCATCCAACCCACAAACCCCGAGGAACTATTATGTCGAGTGGTTCGGCGCTCTCTTTGAGAGCCGCCCCTCAAACGCATCGCAGGCTTTTCGTGTAGGTCTGATGTGTCACATCGTGAATATTA",0.00012699926864061,3,NA,0.610769230769231,0.610769230769231,FALSE
"ACAAACGAGTGTTTTATGGCACTCTTTAAAAATCCATATCCACCTTGTGTGCAATGTTTGTTGGGAAAGTCTTTTCTTTCCCTTCATAAATATCAACCTATATCTTTAACAACATTCGTCTGATAACATATTATGAATATACTTAATTCAAAATA",0.000139427690339301,1,NA,NA,NA,FALSE
"CCGAGTTTACAACTCCCAAACCCCTGTGAACATACCTATCGTTTCCTCGGCGGTGCCCGCTCCGGCGGCCCGCCAGAGGACCCCAAACTCTTGTTTTATACAGTATCTTCTGAGTAACACGATTAAATAAATCA",1.71222183949028e-05,1,NA,NA,NA,FALSE
"AAGAGTTGCAAGACTCCCACACCATTGTGAACGTACCTACCCAACCGTTGCCTCGGCGTCGCGCCCCCCCGCGGGGCTGTCCGCCGGCGGCACGCGAAACCATGTTTTCTCGCGGCCTCTCTGAGTAACTTATACAATAAGTCA",0.000197141556027745,2,NA,0.575384615384615,0.575384615384615,FALSE
"CTGAATGATCATCCTTGATCTTCTTACCCTCAAACCACTGTGGAACCAAAGACGTGCTTCGGCGCCATCGGCGCCGCCTTTATGCTTCAACAATGTCCTTTTTGTCTGAAGAATCGAATGTCA",0.000119053090554953,2,NA,0.575384615384615,0.575384615384615,FALSE
"CTGAGTATTCTTACTCTCTACCCTTTGTGAACTATTATACCTGTTGCTTCGGCGGCGTCCCCCCGGGGGCGCCCGCCGGTAATCAGAATCTCTGTTTTCGAACCCGACGATACTTCTGAGTGTTCTTAGCGAACTGTCA",0.000152776716828355,1,NA,NA,NA,FALSE
"TTAATATTTTGGTTTATACCAACAATATATGTGCACCGAGGGAGTGTCCGCACTTCCTCACCTATTATTACTATTGTTTTACCAGTCTTGAAATCTGTCATCAGGGAGTAGCCGCAAGGTGCTCTCTGCTCTGACTCTAAGGTGTAA",0.000218810760641761,6,NA,0.707692307692308,0.707692307692308,FALSE
"CCGAACGGCCCCATTGGGCCTTCAACCCCAAAAAACTGTGGAAGCAAATCGTGCTTCGGCGCCTCTGGCGTCGTATTTATGCAATCGACTGTCTGTGTCTGAATTAAATCTAGAATTA",0.000135431451618128,2,NA,0.575384615384615,0.575384615384615,FALSE
"TCAAAAGTCAGTCGGGAGCCCTAGTGGCTGCCGTCTACACCCAAGTCTTTTGTGTACTCATTGTTTCCTCGGCGGCGTAAGTCGCCGAATGGACAAACTAAAACCTTTTTGTAATTGCAATCAGCGTCATTAAACATAATAATATTTA",0.000164604098401743,3,NA,0.610769230769231,0.610769230769231,FALSE
"CCGAGTTTACAACTCCCAAACCCCTGTGAACATACCTATCGTTGCCTCGGCGGTGCCCGCTCCGGCGGCCCGCCAGAGGACCTAAAACCCTGAATTATCAATGTCGTCTGAGTAAAATATTTAATATTTA",8.59583102036533e-05,4,NA,0.644615384615385,0.644615384615385,FALSE
"ATAATAAGTGTTTTATGGCACTTTTTAAAATCCATATCCACCTTGTGTGCAATGTTGAAAATTACCTTTCGAGGTGGTTTTTTTTCTTAATATCAACCAATCTTAATTAATTTGTCTTAATACCTTGAATTTACTTAATTCAAAATA",0.000506787330316742,1,NA,NA,NA,FALSE
"CCGAGTTATTACTCCAAACCCTTTGTGAACCTTACCTTTTTGTTGCTCGGCGCACCGCGGGCCGCGGCTTCGGCCCGTCCCGCAGCGCGCCAGAGGACCCAACTCTTCAATTTATAGCGTACCTTCTGATTTACAAAACAAACAAGTTA",0.000276622219361394,4,NA,0.644615384615385,0.644615384615385,FALSE
"TTAAATGATAGCCAGTTCTCCCTGCCTCGGCAGGGATTGAGCAGGCATTAACCCTTTGTGAACTGTAATCTTATATTGGGTGCTGTTTCTTTAGGGATACGGCGCTCATTATAAACCCCTATATGTTTAACTGAAAATGAGTAAGAGAAA",0.000209737036118784,6,NA,0.707692307692308,0.707692307692308,FALSE
"TTGTAGGTGCCTTCGGGCCCGCTAACACAATAACCCTTGTCTTTTTTTGTGCACCCTTTGTTTCCTCGGCAGCTTTGCCTGCCAACGAGGACCCCCCTAAAACCTTTTGCAATCTTAGTATAACATTCTGAAAACAAACAATATTA",6.63045293360706e-05,1,NA,NA,NA,FALSE
"CCGAGTTTACAACTCCCAAACCCCTGTGAACTATACCATTTGTTGCCTCGGCGGCGTCCTGCTTCACGGCGGGCCCGCCAGAGGACCCAAACTCTTGTATTTGAATTGAGTCTTCTCTGAGTGATACAAGTAATAAATCA",4.92769070163015e-05,1,NA,NA,NA,FALSE
"AAAGTAAACGCCCTCCGGGGCTCTCTTTATTCACACACCCCTGTGCACTTTGGCCACCTGCCGCGCTTAACTGCGTTAGTAGGTGTGTCTCTTTATTTATACCCATATACACAAGTCATTGAATGTAAAATCGTTATAAACTAATA",0.00102774922918808,1,NA,NA,NA,FALSE
"TTAAATGATAGCCAGTTCTCCCTACCTCGGTAGGGATTGAGCAGGCATTAACCCTTTGTGAACTGTAATCTTATATTGGGTGCTGTCCCTTAGGGAGACGGCGCTCATTATAAACCCCTATATGTTTAACTGATAAAGAGTAAGAGAAA",0.000251259874086133,6,NA,0.707692307692308,0.707692307692308,FALSE
"CAGAGTTATCCAACTCCCAAACCCATGTGAACTTATCTCTTTGTTGCCTCGGCGCAAGCTACCCGGGACCTCGCGCCCCGGGGGGCCCGCCGGCGGACAAACCAAACTCTGTTATCTTCGTTGATTATCTGAGTGTCTTATTTAATAAGTCA",0.000302002414350816,4,NA,0.644615384615385,0.644615384615385,FALSE
"ATAGTGCCCTTTGATGCAAATCATTGGGTTAGATCTGCTCTCTTCGCAAGAAGAGGGTTTCCATACACACCGTGAACTGTGGCTTCGGCCATCACAAACTGTTAGTAATGAATGTAATATCATAACAAAAACA",0.000154178230033919,1,NA,NA,NA,FALSE
"CCGAGTTCATGCCCTATAAACGGGTAGATCTCCCACCCTTTGTATACCTTTACCTTTGTTGCTTTGGCGGGCCGCCTAGCTACTGGCTTCGGCTGGTAAGTGCCCGCCAGAGGACCCAAAACCCTGAATTATTAGTGTCGTCTGAGTAAAATATTTAATATTTA",8.4482380085745e-05,8,NA,0.764615384615385,0.764615384615385,FALSE
"CTGAATGATCATCCTTGATCTTCCTACCCTCAAACCACTGTGGAAAGCAAGCTGTGCTTCGGCGCCGATGGCGCCGCCTTTATGCTTCAACAATGTCATTTTCGTCTGAAGAAAAATCTAAATGTCA",0.000100998284131824,3,NA,0.610769230769231,0.610769230769231,FALSE
"TCGTGGGTGCTTCGGCGCCCTCGAGATAGAACCCTTGCCTTTATGAGTACCTTCGTTTTCCTCGGCAGGCCCGCCTGCCAATGGGGACCCCCAACAAACCCTTTGTAAATGCCTGCAATCGTCTGACGAAACAAGCAAAAATCA",0.00014524680732246,3,NA,0.610769230769231,0.610769230769231,FALSE
"CCGAGTTTACAACTCCCAAACCCCTGTGAACTATACCTTTACGTTGCCTCGGCGGCGTCCGCTTCGGCGGCCCGCCAGAGGACCCAAACTCTTGTATTTGAATTGAGTATTCTCTGAGTGATACAAGCAATAAATTA",9.27546624771822e-05,3,NA,0.610769230769231,0.610769230769231,FALSE
"CCGTAGGGGGCTTTTGCCCCCGAAAAACATGTCCCTTGTCTATGAGCACTCTTGTTTCCTCGGCAGGCTTGCCTGCCAATGGGGACTACACCAAACCTTTTTTGCAGTAGTAGTAGCCGTATATAAACAAAAATCA",2.50177893505217e-05,2,NA,0.575384615384615,0.575384615384615,FALSE
"CCGAGTTTACAACTCCCAAACCCCTGTGAACATACCTATCGTTGCCTCGGCGATGCCCGCTCCGGCGGCCCGCCAGAGGACCCCAAACTCTTGTTTTATACAGTATCTTCTGAGTAACACGATTGAATAAATCA",1.11842019419503e-05,1,NA,NA,NA,FALSE
"CCTAGAGTTGCGGGCTTTGCCTGCCATCTCTTACCCATGTCTTTTGAGTACCTTCGTTTCCTCGGCGGGTCCGCCCGCCGATTGGACAAAACTTAAACCCTTTGTAATTGAAATCAGCGTCTGAAAAAACTTAATAGTTA",0.00019088210670112,3,NA,0.610769230769231,0.610769230769231,FALSE
"CCGAGTTTACAACTCCCAAACCCCTGTGAACATACCTTAATGTTGCCTCGGCGGATCAGCCCGCGCCCCGTAAAACGGGACGGCCCGCCAGAGGACCCAAACTCTAATGTTTCTTATTGTAACTTCTGAGTAAAACAAACAAATAAATCA",0.000125450087327815,3,NA,0.610769230769231,0.610769230769231,FALSE
"CCTAGAGTTTGTAGACTTCGGTCTGCTACCTCTTACCCATGTCTTTTGAGTACCTTCGTTTCCTCGGCGGGTCCGCCCGCCGATTGGACAACATTCAAACCCTTTGCAGTTGCAATCAGCGTCTGAAAAAACATAATAGTTA",0.000134705188074101,1,NA,NA,NA,FALSE
"CCGAGTTCATGCCCTATAAACGGGTAGATCTCCCACCCTTTGTATACCTTAGTTGCTTTGGTAGGCCGTGGAAACACTATGGGCTCCAGCTCGTACGTGCCTACCGAAGGAAACAAACTCTGTTTCTAGTGATGTCTGAGTACTATATAATAGTTA",8.07022479034709e-06,1,NA,NA,NA,FALSE
"ATTTTCTTTCTTTCTGAATTTTAGCCTGTTGTTTGTCCAAAAAAAAAACTATTTTTTCAAAAACAAAACCCCCCAAAAAAAACAAAAAACAAGAACAGCCAAAACACAAAAAAAAAAAACACAAAATATTCA",0.000790576330144675,1,NA,NA,NA,FALSE
"GTGATTGCCCTAGTGGCTTAAACTATATCCATATACACCTGTGAACCGTTTGATTGACACTCTGTGTCGATTTTACAAACAATGTGTAATGAACGTCTAGTTATTATAACAAAAAA",6.42766879602441e-05,2,NA,0.575384615384615,0.575384615384615,FALSE
"CTGAGAGTACCGGGCTCTGCCTGGCTACTTTTACCCATGTTTTATAGTACCAAGAGTTTCCTCGGCGGCTCTGCCCGCCGGTCGGGCTCCATTCAAACCCTTTGTAGTTGCAGTCAGCGTCTGATAAACATAATAATTA",5.83634878020311e-05,1,NA,NA,NA,FALSE
"AATTTTCTTTTTTACTTTATTCATTTATAGCCAGTTGTTTAAGTCTCTTTTTTTACTTTTCTTTTAAAAAAAAACCAAAAAAACTCTAAAAAAAACAAGAACAGCCCCAACAAAATTTTTGAAACCAAAAAAAATACTCA",9.0711175616836e-05,1,NA,NA,NA,FALSE
"TCGAGTTTACAACTCCCAAACCCCTGTGAACATACCTATCGTTGCCTCGGCGGTGCCCGCTCCGGCGGCCCGCCAGAGGACCCTAAACTCTTGTTTTATACAGTATCTTCTGAGTAATACGATTAAATAAATCA",0.000121876122543234,1,NA,NA,NA,FALSE
"CAAGTGACCCCGGTCTAACCACCGGGATGCTCATAACCCTTTGTTGTCCGACTCTGTTGCCTCCGGGGCGACCCTGCCTTCGGGCGGGGGCTCCGGGTGGACACTTCAAACTCTTGTGTAACTTTGCAGTCTGAGTAAACTTAATTAATAAATTA",7.7915474013139e-05,1,NA,NA,NA,FALSE
"CAAGAACGCCCGGGCTTCGGCCTGGTTATTCATAACCCTTTGTTGTCCGACTCTGTTGCCTCCGGGGCGACCCTGCCTTCGGGCGGGGGCTCCTGGTGGACACTTCAAACTCTTGCGTAACTTTGCAGTCTGAGTAAACTTAATTAATAAATTA",5.54453134119295e-05,1,NA,NA,NA,FALSE
"CTAAAGATTCACGTCTTTGGTTCCATCTCGTGCACTGTATACCCCTCTTCAGTACTTGTGCTGTTGAGGCCCCTTTTTTACCCTTTTTTTTACTTTAATTTGATAACTTCTGTTAGGTGGGGAATATAATA",0.000103247549637137,4,NA,0.644615384615385,0.644615384615385,FALSE
"CATGATTTGAGGGGGCTCACGTCCCCTCATCCAACCCCACAAACCCCGAGGAACTTTTATGTCGAGTGGTTCGGCGCTCTCTTTGAGAGCCGCCTCTCAAACGCATCGCAGGCTTTTCGTGAGGGTCTGATGTGTCACATCGTGAGTATCA",5.25271390218279e-05,1,NA,NA,NA,FALSE
"ATGATTAACTGTCTGTCGAGCTTGCTCACAGACTTATCATATCCATAACACCTGTGCACTTGTCGGATGGCTTAGTGAAGACCGCAAGGTTGGAACTATCCATCTACTTTACATAACAATTTAGTAACAAATGTAGTCTTATTATAACATAATA",0.000143383660657306,2,NA,0.575384615384615,0.575384615384615,FALSE
"ACACAATAATATCCAAAACCTTTTGGATCAACCCAACCTTAGTGAACCGTTTTCTTCTTTACTTTAATCTTAAATTTCTCTAAACTCAATCTGATTTGTATAATGTCTGATCTTTTTTCTCGAATAACTTTGAGAAAAATCATTCTAACGTAATA",8.33846000377226e-05,4,NA,0.644615384615385,0.644615384615385,FALSE
"CTGAGTTTTCAACTCTCCAAACCATGTGAACTTACCACTGTTGCCTCGGTGGTTTGGGTCTTCGGGCCTGACCACCGGCGGACTACTAAACTCTTGTTAATTTTTGGCATTCTGAATCATAACTAAGAAATAAGTTA",0.000155649816744936,5,NA,0.676923076923077,0.676923076923077,FALSE
"CCGAGTTTACAACTCCCAAACCCCTGTGAACATACCTACGTTGCTTCGGCGGACCACCCCAACCCCCTCGGGGCGAGGGGCCGCCAGAGGACCCAAAACCCAACTGTTTTTTCCGTAACGAAACCTATTCTGAGTGGAATTATTAAATAAATCA",8.62355624202875e-05,5,NA,0.676923076923077,0.676923076923077,FALSE
"CCAAGTTTTAAACAACTTACCCAAACATTGTGGACTGTTTACCCTTCACTAAAGCTTTTCGGAGCTTTTTTGAAGGCCCTTCTTATTCACCAAACCTTTAGTCTATACATGATCTACTATTTTGAATCTATAATTCAAATA",8.90258404895039e-05,3,NA,0.610769230769231,0.610769230769231,FALSE
"CATGATTTGAGGGGGCTCACGTCCCCTCATCCAACCCACAAACCCCGAGGAACTTTTATGTCGAGTGGTTCGGCGCTCTCTTTGAGAGCCGCCCCTCAAACGCATCGCAGGCTTTTCGTGAAGGTCTGATGTGTCACATCGTGAGCATTA",4.66907902416248e-05,1,NA,NA,NA,FALSE
"TCGAGAGACCCTACTCGGGTCTTCAAACCCTCAAACCAGTGGATTTGAGATGTGTTTCGGCCCTATGAACTTGGGGCCGTATTCATGCTTTTTAAATGTGTCTGAAATATATTTCCTAGAAAATA",4.66907902416248e-05,1,NA,NA,NA,FALSE
"ATTTTCTTTCTTTCTGAATTTTAGCCTGTTGTTTGTCCTAAAAAAAACTATTTTTTCCTTCAAAAAACCCCCCCAAAAAAACAAAAAACAAGAACAGCCAAAACACAAAAAAAAAAAACACAAAATATTCA",0.000592932247608507,1,NA,NA,NA,FALSE
"CAGAGTTGCAAAACTCCCACACCCTTTGTGAACGCACTGAAACTACTGCTTCGGCGGGCAGCCCTTCAGGGGGTAGCCCGCCGGAGAAGCACTAAACTCTTGTATTTTGGCTTCTCTGAGTGATTATACAATGAATCA",9.62179914815005e-05,1,NA,NA,NA,FALSE
"CAGGACTCGCAAGACTCCTACAACCCTGTGAACCTACTATACGAACGTTGCTTCGGCGGGTGCGCCCCGGGGATTCGTTCCCGCGGCGCGTCAGCCCGCCGGCAGCCTACAAATTCTGTTTCTTTGCGTTGGCATCTCGAGAAAAACAAATAAGTTA",5.6781656199592e-05,2,NA,0.575384615384615,0.575384615384615,FALSE
"TTGAATTTGATCATCAAATTTCCAGGGGGTCTGTGGTCCACTCTTGGACTCAGGCCTTCTCTTTCTCTGGGAATTTGCATTTGTCTTTTGACGTCTGCATTTCCCTAACCAACCACAACACAATAATGACA",4.37726158515233e-05,1,NA,NA,NA,FALSE
"CTGAACGGCCTCAAAAAGGCCTTCAACCTATAAACCCGTGGAAGCAACTGTGCTTCGGCGCTCCGGCGTCGCCCTTATGCCTAGAAATGTCTGTGTCTGATTATATATTGAGAGACA",9.25297637406699e-05,1,NA,NA,NA,FALSE
"CTGAGTTGGACTGCGTTGTAGTCTTGCTATATTTGACTATTGTGCATTGTTTCGTGGCGTTCGCGCCGTGATTTTCACCATTGATTGAATACACATACATAAAATACGCATA",8.98034587160671e-05,1,NA,NA,NA,FALSE
"CCGAGTTTACAACTCCCAAACCCATGTGAATTTACCTTTACGTTCCCTCGGCGGTGTCCTCTCCCTCACGGGGGAGTCCCGCCAGAGGACCAAACCAAACCCTGAATTTTATTAGTATTATTCTGAGTGATTTAAACAATAAATCA",5.14982017462052e-05,2,NA,0.575384615384615,0.575384615384615,FALSE
"CCGAATGATCATCCTTGATCTTCCCACCCTCAAACAACCGTGGAACCCAAGACGTGCTTCGGCGCCGTCGGCGCCGCCTTTATGCTCGGATCATGCCCTTTTTTTTGTCTGAAGAAAACCGAAAATGTCA",4.913292168292e-05,2,NA,0.575384615384615,0.575384615384615,FALSE
"CCGAGTTTTCAACTCCCAAACCCACTGTGAACATATACCTTTGTTTTCGTTGCCTCGGCGGTTCGCGCCGCCGGGTGACACCCAAACTCTGATTTGATATAGCAAGTCTTTCTGAGTAAAACATTCTAAATGAATCA",5.03155617145626e-05,2,NA,0.575384615384615,0.575384615384615,FALSE
"CCGAGTGCGGGCCCTCTGGGTCCAACCTCCCATCCGTGTCTATCTGTACCCTGTTGCTTCGGCGTGGCCACGGCCCGCCGAAGACTAACATTTGAACACTGTCTGAAGTTTGCAGTCTGAGTTTTTAGTTAAACAATAATTA",2.37458783939645e-05,1,NA,NA,NA,FALSE
"CCGAGTTTACAACTCCCAAACCCCTGTGAACATACCTATGTTGCTTCGGCGGGATTCGCCCCGGCGCCTTCGGGCCCGGACCCAGGCGCCCGCCGGAGGACCCAAACACTTGTCTTCATGAGAATCTTCTGAGTGATACAAGCAAATAAATTA",0.000280302726945101,1,NA,NA,NA,FALSE
"GAGAACCTGGGCCTGCGCTTCTAGCGCGGCTCCAACCAATACACAGTGTATTTTGCTTCTTTTGCTTTGGCTCTGCCAAAGGTTTTAAACACAGAAATTTATTTTCTCTAGAAACTAGTCAATTTGAATTTTAATCTTCA",0.00040922687193204,2,NA,0.575384615384615,0.575384615384615,FALSE
"ACACAATAATATCCAAAACCTTTTGGATCAACCCAACCTTAGTGAACTGTTTTTTACTATTTTAATCTTAATTTCTCTAAACTCAATCTGATTTGTATAATGTCTGATCTTTTTTCTCGAATAACTTTGAGAAAAATAATTCTAACGTAATA",9.94035193214722e-05,4,NA,0.644615384615385,0.644615384615385,FALSE
"CCGAGTTTACAACTCCCAAACCCCTGTGAACATACCTCTTCGTTGCCTCGGCGGGACTCGCCCCGGCGCCCCTCGGGCCCGGACCCAGGCGCCCGCCGGAGGACCCAAACTCTTGTCTCTTGCGAGTATCTTCTGAGTGACACAAGCAAATAAAATCA",4.38494672295332e-05,2,NA,0.575384615384615,0.575384615384615,FALSE
"CCACATCCAAAATCTTACAAACCCACAAGTGTGAAGTTGTGATGAGGAACTTTCTTCATTTTTTTTTGAACCCCTTTTGAACTTTCTACCAAGAGAATAAGCAAGACTAAAAAATGAGAAAAGAGAAAA",3.79362670713202e-05,1,NA,NA,NA,FALSE
"TTGAATTTGATCACCAAATTTCCAGGGGGTCTGTGGTCCACTCTGGGCCCAGGCCTTCTTTAACTCTGGGAATTTGCATTCGTCTTTTGATGAGTGCATTTTCCTAACCCAACCACAATAATAATAATATA",6.3940079278865e-05,2,NA,0.575384615384615,0.575384615384615,FALSE
"CCGAGTACTATAACTCATAACCCTTTGTGAACCTTTATACCTGTTGCTTCGGCGGCGCGCCCTCCGGGGTGTGCCCGCCGGTATCATCAGAATCTCTGTTTGAACCCGACGATACATCTGAGTGTTCTAAGCGAACTGTTA",0.000217194570135747,1,NA,NA,NA,FALSE
"CAGAGTTATCCAACTCCCAAACCCATGTGAACTTATCTCTTTGTTGCCTCGGCGCAAGCTACCCGGGACCCAGCGCCCCGGGCGGCCCGCCGGCGGACAAACCAAACTCTTGTTATCTTAGTTGATTATCTGAGCGTCTTATTTAATAAGTCA",6.19139069046149e-05,2,NA,0.575384615384615,0.575384615384615,FALSE
"GCGAGTTCAGCTCTCTAAAACCATTGTGAAAGCACCTACAGCGTTGCTTCGGCGGGGTAACTCCCGCCGACAGTACCAAACTCTGTAATCATTGTATCTCTGAGTAAACTTTAAATAAGTCA",4.77585328578706e-05,1,NA,NA,NA,FALSE
"CCACATCCAAAATCTTACAAACCCACAAGTGTGAAGTTGTGATGAGGAACTTTCTTCAATTTTATTTTTTTGAACCCCTTTTGAACTTTTTACTAAGAGAATAAGCAAGACTAAAACAAAATGAGAAAAGAGAAAA",4.77585328578706e-05,1,NA,NA,NA,FALSE
"GTGATTGCCATCTTGGCTTAAACTATATCCATCTACACCTGTGAACCGTTTGATTGAATCTCTGATTCAATTTTACAAACATTGTGTAATGAACGTCATTAGATCATAACTAAAA",5.39331989432041e-05,3,NA,0.610769230769231,0.610769230769231,FALSE
"ATAAATGATAGCCAGTTCTCTCTGCTTCGGCGGGGATTGAGCAGGCATTTACCCTTTGTGAACTGTAATGTTATATTGGGTGCAGCTGTCTTTGACGGTAGCGCTCATTATAAACCCCTATATGATTATCTGAATGTGATCTAAGAGAAA",3.97486528077891e-05,2,NA,0.575384615384615,0.575384615384615,FALSE
"CAGAGTCGGTCGGCCAGGCCGGGGCCTCTGTGCTCCGGCCAGCCACGGACCCACCCTTCAGCCCGTGGAAACGACCAGTGCTTCGGCGCCCCCTCGTGGGCGCCCCCTTTATGCTGTCTGGCTTGTCGTGTCTGTTATGAAAAGAGAAATCA",3.50180926812186e-05,1,NA,NA,NA,FALSE
"ACGAATGACCCTTTGGGTCTTCCAACCCATTCAACCTGTGGAATTGAGAAATGTGCTTCGGCGCCTTCTGGCGCCGCTTTTATGCTGTAACATGTCTTGTCTGAAATCAACCAAGAATTGA",3.50180926812186e-05,1,NA,NA,NA,FALSE
"ATTACGAAAGCCATAGCTCCTTCGGGGGCTATTGCATCCACCCTTTGTCTACTTGTACCTCTTGTTGTTTCCTCGGCAGGCTTGCCTGCCGCTAGGAACCCCTTAAACCCTTGTATTTACAGTATTAAAATCTCTGATAACTATTTAAATTATTA",6.52292511681966e-05,1,NA,NA,NA,FALSE
"CCGAGTTTTCAACTCCCAAACCCACTGTGAACATATACCTTTGTTTTCGTTGCCTCGGCGGTTCACGCCGCCGGGTGACACCTAAACCCTGATTTTAATTACAGAAGTCTTTCTGAGTAAAACATTCTAAATGAATCA",4.51089586391857e-05,1,NA,NA,NA,FALSE
"CCGAGTTTACAACTCCCAAACCCATGTGAACATACCTGTCTTGTTGCTTCGGCGGCGCCACGGCCCTCACAGGCTGGGGCCCGCCAGAGGACCCAAACAAAACTCTTTGCATTTTGAATACAGTATTCTGAGTGAACATGATTAAATAAAATCA",4.51089586391857e-05,1,NA,NA,NA,FALSE
"CTGAATGATCATCCTTGATCTTCTCACCCTCAAACAACCGTGGAACCAAAGACGTGCTTCGGCGCCGTCGGCGCCGCCTTTATGCTCAGACCATGTCTTTTCTGTCCGAAGAAAAAACCGAAAATGTCA",4.51089586391857e-05,1,NA,NA,NA,FALSE
"CCGAGTTTACAACTCCCAAACCCTTATGTGAACCGTACCTATCGTTGCTTCGGCGGGAACGCCCCGGCGCCCGCCGGAGACCCCAAACTCTTGTGTTTTTTTCAGTATTCTCTGAGTGGCAAACGCAAAAATAAATCA",6.10512647666308e-05,3,NA,0.610769230769231,0.610769230769231,FALSE
"CCGAGTTATCCAACTCCCAACCCCTGTGAATTATACCTTTAATTGTTGCTTCGGCGGGACTTCGCGCCCGCCGGGGACCCAAACCTTCTGAATTTTTTAATAAGTATCTTCTGAGTGGTTTAAAAAAAAAATGAATCA",6.41453276543337e-05,1,NA,NA,NA,FALSE
"CCGAGTCTAACAACTCATCAACCCTGTGAACATACCTAAACGTTGCTTCGGCGGGAACAGACGGCCCTGTAACACGGGCCGCCCCCGCCAGAGGACCCCCTAACTCTGTATCTGTTATGTTTTTTCTGAGTAAACAAGCAAATAAATTA",4.10081442174416e-05,1,NA,NA,NA,FALSE
"CCGGTTCTATTTGAAGGGGGGAGATTCTCCCTGACCCACACCTCTGTGCACTTTGGGGGGACTCGAGAGAGTGTCCTCCCGTTAACGAACGCCCTTGTCTCTAGTGTGTATTTTGAGAACCCCCTTCTGAAGGGGGGAAAGTCTTTGAAACA",1.69613417099746e-05,1,NA,NA,NA,FALSE
"CCGAGTTCATGCCCTGAAAGGGGTAGATCTCCCACCCTCTGTATACCTTACCTCTGTTGCTTTGGCGGGTCGCCTAGCTACTGGCTTCGGCTGGTAAGTGCCTACCGAAGGAAACAAACTCTGTTTCTAGTGATGTCTGAGTACTATATAATAGTTA",0.000200593209704137,2,NA,0.0769230769230769,0.0769230769230769,TRUE
"TCAAAACAGCGGACTTCGGTCTTTGCTGCACCCTTGTCTTTTGCGCACCGAATTGTTTCCTCGGCGGGCTTGCCTGCCGGTTGGACATTATCAAAACCTTTTTGTAGTTGCAATCAGCGTCAGAAAAATCATAATTATTA",0.00016289592760181,1,NA,NA,NA,FALSE
"CCAAATAAATGTCCTGCACACTGTGCACCTTCCTGTAGTAGACCATTCTTTGGTCTCCTGCGTCTTCCTTTTTCACCACGCAAAACCTGTCATCGTACGGTGTTGAACACATATAATA",0.000104470853872416,2,NA,0.575384615384615,0.575384615384615,FALSE
"CCGAGTATCTACTCATAACCCTTTGTGAACCATATTGTTGCTTCGGCGGCTCGTTCTGCGAGCCCGCCGGTCCATCAGTCTCTCTGTTTATACCAACGATACTTCTGAGTGTTCTTAGCGAACTATTA",6.37006338784071e-05,4,NA,0.644615384615385,0.644615384615385,FALSE
"CCGAGTACTATAACTCATAACCCTTTGTGAACCTTTATACCTGTTGCTTCGGCGGCGCGCCCTCCGGGGCGTGCCCGCCGGTATCATCAGAATCTCTGTTTGAACCCGACGATACATCTGAGTGTTCTAAGCGAACTGTTA",3.5818899643403e-05,1,NA,NA,NA,FALSE
"CCGAGTTCATGCCCTATAAACGGGTAGATCTCCCACCCTTTGTATACCTTTACCTTTGTTGCTTTGGCGGGCCGCCTAGCTACTGGCTTCGGCTGGTAAGTGCCCGCCAGAGGACCCAAAACCCTGAATTATTAGTGTCGTCTGAGTA",3.5818899643403e-05,1,NA,NA,NA,FALSE
"CCGAGTTATACTCCAAACCCTTTGTGAACCTTACCAACTGTTGCTCGGCGCGCAGCGGGGGTGCCTAACCGCCCCCCGCGACGCGCCAGAGGACCCAAATTCTTATCTTACAGCGTACCTTCTGATTAAAAAGACAAACAGTCA",5.77307948889003e-05,1,NA,NA,NA,FALSE
"CAGAGTTGTAAAACTCCCAAACCCATGTGAACATACCTGTTGCCTCGGCGGCCTACCCGGCAGCTACCCTGTAGCTACCCTGTAGTCCGCCGACGGATTTCAAAACTCTTGTTTTCAGTTGTATCTCTGAGAGTAAAACAAATAAATCA",3.69073297956974e-05,1,NA,NA,NA,FALSE
"CCGAGTTTTCAACTCCCAAACCCCTGTGAACATACCATTTTGTTGCCTCGGCGGTGCCTGTTCCGACAGCCCGCCAGAGGACCCCAAACCCAAATTTCCTTGAGTGAGTCTTCTGAGTAACCGATTAAATTAATCA",3.09941296374844e-05,2,NA,0.575384615384615,0.575384615384615,FALSE
"TCGAGAGACCTGAATTGGTCTTCAACCCTCAAACCAGTGGATTTGAGATGTGTTTCGGCTCCATTAACTGGAGCCGTATTCATGCCTTTTAATCTGTGTCTGAATTTTATTCTTATAATTA",4.25159521406295e-05,2,NA,0.575384615384615,0.575384615384615,FALSE
"CCGTTGGAGCTCTGCTCCAATCCGGGATAGAACCCTTGCCTTTTGAGTACCTTTCGTTTCCTCGGTGGGCTCGCCCGCCAGTGGACAACCCCAACTCTTGTAATAGCAGTATCTTCTGGAAAAACAAATAGTTA",4.53235192806251e-06,1,NA,NA,NA,FALSE
"CAAGTTGTCTGATTGGACAATGTTTTTGTGCAATGTTTGATTTGGTCCAAATAGGACCATGTATGTTTTATAGTATCATTCTCAACAGACCTAATCCAATCAAAACAAACCAGTCAA",4.74394553950521e-05,1,NA,NA,NA,FALSE
"TTAATATTTTGGTTTATACCAACAATATATGTGCACCGAGGGAGTGTCCGCACTTCCTCACCTATTATTACTATTGTTTTACCAGTCTTGAAATCTGTCATCAGGGAGTAGCCGCAAGGTGCTCCCTGCTCTGACTCTAAAGTGTAA",5.13162621234669e-05,1,NA,NA,NA,FALSE
"CCACATCCAAAATCTTACAAACCCACAAGTGTGAAGTTGTGATGAGGAACTTTCTTCAATTTTATTTTTTTTGAACCCCTTTTGAACTTTTTACTAAGAGAATAAGCAAGACTAAAACAAAATGAGAAAAGAGAAAA",5.13162621234669e-05,1,NA,NA,NA,FALSE
"TTGAATTTGATCACCAAATTTCCAGGGGGTCTGTGGTCCACTGAGGACTCTGGCCTTCTTTTTCTCTCTGGGAATTTGCATTCGTCTTTTGACGTCTGCATTTCCCTAACCAACACAACACAACAATACA",3.28065153739533e-05,1,NA,NA,NA,FALSE
"CAGAGTTGAAAAACTCCCAAACCATTGTGAACATACCTAAGTTGCTTCGGCGGGCCGCCCTTAGGGGCAAGCCTCCTCGTGAGGCGCCCGCCGGAGGTATCTAAACTCTTTGTATTATTTGTTTTCTCTGAGTTGTCTTTTAAATAAGTCA",3.28065153739533e-05,1,NA,NA,NA,FALSE
"CCGAGTTTCCAAAACTCCCAACCCATGTGAACTTACCTCTCGTTGCCTCGGCGGGATCGCCCCGGGTGCCCCAGGCCCCGGACCCAGGCGCCCGCCGCAGGACCCCAAACTCTTGTTTAGTGGAAGCTTCTTCTGAGTGAGAAAACAAATAAATCA",3.10289882043412e-05,3,NA,0.610769230769231,0.610769230769231,FALSE
"ACAAATCCAATAATTGCTGAAGAACGCTTGTTCTTTTTGCAAATATTAATCCGCTGGCTGCTTTTAAGGCAGCTGGCTGTGATATAAATGCGTGTTATGTTGACAGTGTGTGTATAAGTTAATATTGA",2.33453951208124e-05,1,NA,NA,NA,FALSE
"CCAATCTCTTTGCGGACCCTGGCATGTCCATGGTTCGCGAAAATCATGTATTTAAAACCCAACTCATGCAAACGAATCATACTTTTTTATATCATGTGATGTAAATAAAGA",2.33453951208124e-05,1,NA,NA,NA,FALSE
"ATGAATTTTAGGACGTTCTTTTTAGAAGTCCGACCCTTTCATTTTCTTACACTGTGCACACACTTCTTTTTTACACACACTTTTAACACCTTAGTATAAGAATGTAATAGTCTCTTAATTGAGCATAAATAAAAACA",4.0287572693889e-06,1,NA,NA,NA,FALSE
"CCGAGTGCGGGCCCTCTGGGTCCAACCTCCCATCCGTGTCTATCTGTACCCTGTTGCTTCGGCGTGGCCACGGCCCGCCGGAGACTAACATTTGAACGCTGTCTGAAGTTTGCAGTCTGAGTTTTTAGTTAAACAATCGTTA",1.20654187001924e-05,1,NA,NA,NA,FALSE
"CAAAATTGATTGATTCCTTTAATGGATTCATCTCTTAACCACCTGTGAACTGTTTGGCGTCGCGTAACACCGGCTCCAAGTTTTTATTTCTACACACACACTTATTACACACGATATACACAAAAGTCATA",0.000126696832579186,1,NA,NA,NA,FALSE
"CCACATCCAAAATCTTTTATCAACCCACAAGTGTGAAGTTGTGATGAGGAACTTTTTCTTCATTTTTTGAACCCCCTTTGAACTCCCAAGTGAAATAAGCAAGGCTAAAAAAAAAAAGAGAAAAGAGAAAA",3.34199068062027e-05,1,NA,NA,NA,FALSE
"CAAAATCCATGGCTCGCAAGAGTCTCAACCCCTTGTGCACCATTCACGTTTCTGGGCTCGCAAGAGCCCAACTAAACACTTTATTTACAGTCTGATCTTTTACTAAAGAAAGA",2.78591441670912e-05,1,NA,NA,NA,FALSE
"CTGAGTGAGGGCCTTCGGGCTCGACCTCCAACCCTTTGTGAACACAACTTGTTGCTTCGGGGGCGACCCTGCCGTTTCGACGGCGAGCGCCCCCGGAGGCCTTCAAACACTGCATCTTTGCGTCGGAGTTTAAGTAAATTAAACA",4.49017293580336e-05,1,NA,NA,NA,FALSE
"CAAAATTGATTGATTCCTTTAATGGATTCATCTCTTGACCACCTGTGAACTGTTTGGCGTCGCGTAACACCGGCTCCAAGTTTTTATTTCTACACACACACTTATTACACACGATATACACAAAAGTCATA",4.49017293580336e-05,1,NA,NA,NA,FALSE
"CAGAGTTTATGCCCTTAGGGGGTAGACCTCCAACCCTTTGTGAATTTACTTTGTTGCTTTGGCGGGTCGAGCTTGCCCGCCAGAGGATATATCAAAACTCATTTAAAGTGTCGTCTGAGTACCATACAAAAAAATGTTA",2.60429773199392e-05,3,NA,0.610769230769231,0.610769230769231,FALSE
"TAAGATTCTAAACGGTTCTGGCCCGTAAAAAGGCTATGAGCTATTTTATTTAACCCAAAACTTTTTGTCTGAATATAATCAATTTTTCGAATGAAAATTA",2.04272207307109e-05,1,NA,NA,NA,FALSE
"CCGAGTTATTACTCCAAACCCTTTGTGAACCTTACCATTTTGTTGCTCGGCGTACCGCGGGCCGCGGCTTCGGCCCGTCCCGCAGCGCGCCAGAGGACCCAACTCTTCAATTTATAGCGTACCTTCTGATTTACAAAACAAACAAGTCA",2.04272207307109e-05,1,NA,NA,NA,FALSE
"CAGGACTCGCAAGACTCCTTAACCCCTGTGAACTTACTGTTTATACGTTGCTTCGGCGGGTGCTCCGGGTTCGCCCCGGGGCGCTGCGCCCGCCGGCAGCCTACCTAATTCTGTTTCTCTGCGTTGGCATCTCGAGAAAAGCAAAATAAGTTA",2.69281737825971e-05,2,NA,0.575384615384615,0.575384615384615,FALSE
"CTGAATGATCATCCTTGATCTTCTTACCCTCAAACCACTGTGGATCTCAGGTTGTGCTTCGGCGCTGACGGCGCCGCCTTTATGCTCCAACAATGTCATTTTTGTCTGAAGAATCGAATGTCA",2.04272207307109e-05,1,NA,NA,NA,FALSE
"ACAAAAAGATGTGTATTTCGCGAAAGCGAGATGCCCTCATTTCATCAATATCCAAGCGTGACTGAACAATATGAATATTTACTTACAAAACCCCAAAAAAACAAAACAAAACAATACAGAACTCAAGAAAAAACATACAAATAGAAATTAAA",1.71900631612035e-05,1,NA,NA,NA,FALSE
"ACACAATAATATCCAAAACCTTTTGGATCAACCCAACCTTAGTGAACCGTTTACCATTTCTTTCAATTCAATTTTAACAAACTCAATCTGATTTGTAATATGTCTGATCTTTTTTCTCAGAAGAAATTCCGAGAAAATAAATTCTAACGTAATA",1.25755882680541e-05,1,NA,NA,NA,FALSE
"CTAAAGATTCACGTCTTTGGTTCCATCTCGTGCACTGTTTACCCCTCTTCGGCACTTCGGTGCTGTTGAGGCCCCTTTTTCACCCTTTTTTTACTTTAATTTGATAACTTCTGTTAGGTGGGGAATATAATA",0.000108597285067873,1,NA,NA,NA,FALSE
"CCTAGAGTTGTAGGCTTTGCCTGCTATCTCTTACCCATGTCTTTTGAGTACCTTCGTTTCCTCGGTGGGTTCGCCCGCCGATTGGACAAAACTTAAACCCTTTGTAGTTGCAATCAGCGTCTGAAAAAACTTAATAGTTA",3.55795915462891e-05,1,NA,NA,NA,FALSE
"TCAAAAGTCAAGTCGGGGGCTGCAAAGCCTTCGTCTACACCCATGTCTTTTGCGTACTTCTTGTTTCCTCGGTGGCGCAAGCCGCCGATTGGACAAACCAAAACCTTTTTTGTAATTGCAATCAGCGTCTGAAAATAATCTAATTATTTA",2.38792664289353e-05,1,NA,NA,NA,FALSE
"CCGAGAGTTGTAGGCTTCTGTCTACCATCTCTTACCCATGTCTTTGCGTACTTAACGTTTCCTCGGCAGGTCCGCCTGCCGTAGGACAATTATAAACCATTTGCAGTTGCAGTCAGCGTCTGAAAAACATAATAATTA",2.38792664289353e-05,1,NA,NA,NA,FALSE
"GTGATTGCCTTTATAGGCTTATAACTATATCCACTTACACCTGTGAACTGTTCTACTACTTGACGCAAGTCGAGTATCTTTACAAACAATGTGTAATGAACGTCGTTTTATTATAACAAAATA",2.38792664289353e-05,1,NA,NA,NA,FALSE
"ACGAATGACCCTTTGGGCCTTCCAACCCATTGAACCTGTGGAATTGAGAAATGTGCTTCGGCGCCTTCTGGCGCCGCTTTTATGCTGTAACATGTCTTGTCTGAAATCAACCAAGAATTGA",2.4604886530465e-05,1,NA,NA,NA,FALSE
"ACGAATGGTCTTTGTACCTTTCAAAACCCCTCAAACCGGTGGACACAAAATTGTGCTTCGGCGCTCCGGCGCCGCCTTTATGCCGCAATTCTGTCGTTTATGTCTGAATGAAAAGCAAAAAGAATCA",2.4604886530465e-05,1,NA,NA,NA,FALSE
"CCGAGTACTACACTCATAACCCTTTGTGAACCATTATACCTGTTGCCTCGGCGGCGCCCCCCGGGCGCCCGCCGGTCTCCAGAATCTCTGTTTTCGAACCCGACGATACTTCTGAGTGTTCTTAGCGAACTGTCA",2.4604886530465e-05,1,NA,NA,NA,FALSE
"TCGATTGAAGCGAGCCGAGCTCTTCGCGAGGTTTCGCGTTCCTTCTTGTATTTAAAACCCGCTCTTTTAAAATGTTATATTTTATCGTTTATCTGAATCGAAATGAGTAAAAAATTAAGA",1.75090463406093e-05,1,NA,NA,NA,FALSE
"CCAATCCCAAAAGGAATAAATTGAGGTCGCCTAAGAAACGATGTCACTTTATTCTTTTTTTAACACCTGTGTGCACCATTCACGTTTCTGGGCTCGCAAGAGCCCAACTAAACACTTTATTTACAGTCTGATCTTTTACTAAAGAAAA",1.0779075658332e-05,1,NA,NA,NA,FALSE
"CCGAGTTTACAACTCCCAAACCCCTGTGAACATACCTATCGTTGCTTCGGCGGGACCGCCCCGGCGCCCCCGGGCCCGGACCCAGGCGCCCGCCGGAGGACCCAAACTCTTGTTTTTCTGAAGTATCTTCTGAGTGACACGATTAAATAAATCA",2.79605048548757e-06,1,NA,NA,NA,FALSE
"CCGAGTTCATGCCCTGAAAGGGGTAGATCTCCCACCCTCTGTATACCTTACCTCTGTTGCTTTGGCGGGTCGCCTAGCTACTGGCTTCGGCTGGTAAGTGCCCGCCAGAGGACCTAAAACCCTGAATTATCAATGTCGTCTGAGTAAAATATTTAATATTTA",9.29031121840809e-05,3,NA,0.610769230769231,0.610769230769231,FALSE
"CCGAGTTTACAACTCCCAAACCCCTGTGAACATACCTTTGTTGCTTTGGCGGGCCGCCTAGCTACTGGCTTCGGCTGGTAAGTGCCCGCCAGAGGACCCAAAACCCTGAATTATTAGTGTCGTCTGAGTAAAATATTTAATATTTA",2.46674823380826e-05,1,NA,NA,NA,FALSE
"CCAAAGATTTATATCTTTGACCCACCCGTGCACTGTTACCCCCCATTGACACTTCGGTGTTAGCGGGGCCCCTTATTCACTCTTGTCTACTTTTTTTGACTACTTTTTGGGTTTCGGAACAAATA",4.49536181929291e-05,2,NA,0.575384615384615,0.575384615384615,FALSE
"CCGAGTTTACAACTCCCAAACCCATGTGAACATACCTACTGTTGCTTCGGCGGGATTGCCCCGGGCGCCTCGTGTGCCCCGGATCAGGCGCCCGCCTAGGAAACTTAATTCTTGTTTTATTTTGGAATCTTCTGAGTAGTTTTTACAAATAAATAA",9.04977375565611e-05,1,NA,NA,NA,FALSE
"AAGAGTTTCCAAGCTCTAAACCCAACCGTGGACCGCGAAAACGTTGCCTCGGCGGGCTTGCCCGCCGGTGGCCCCAACCCAAAACGCTTTGCAAAACGTTTATCTGAGTGGCGCAAGTCTTATTGCAAAAATAAATCA",2.96496596219075e-05,1,NA,NA,NA,FALSE
"CCACATCCAAAATCTTACAAACCCACAAGTGTGAAGTTGTGATGAGGAACTTTCTTCATTTTTTTTTGAACCCCTTTTGAACTTTTTACCAAGAGAATAAGCAAGACTAAAAATGAGAAAAGAGAAAA",2.96496596219075e-05,1,NA,NA,NA,FALSE
"ACAATAAGTGTTTATGGCACTTTCAAATCCATACCCACCTTGTGTGCAATGTATAAGAGTCCTTTCCAACTCGGATTGGACTTGATTTTTCTCTCACACGTCTTCAATTGCAAGTCTAAGCTTTCAGAGTAATCAAAAAACTCGAATA",2.96496596219075e-05,1,NA,NA,NA,FALSE
"TTTGATTCGAAATCGGAGGTATTATGTACCGCCAATTTTCACCGTGAACTGTTTCTTGTACTAGTGTTATTTTTTTTCTATTTCATTCTTCGGAATGCATCAATTGAAAGA",3.20726638271668e-05,1,NA,NA,NA,FALSE
"CAGGAGCTTTACAACTCCCTAACCACTGTTTATTTACCTTACGTTGCTTTGGCAGGCGGCCCCGGGGAGGGGCTGTAGCCGCTATTGGCGCCTGCCAGAGGTTTTTAAAAATTCTGTTTTAGTGTTGTCTGAGTTGCTATAAAATAAATCA",2.05040721087208e-05,1,NA,NA,NA,FALSE
"CAGAGTTGAAAAACTCCCAAACCCTTGTGAACATACCTAACGTTGCTTCGGCGGTGCGGCCCTAGGCCGCTGCCTCCTCGTGAGGCGCCCGCCGGAGGTTTACAAACTCTATGTATTATATTGTTTTCTCTGAGTTGTCTTTTAAATAAGTCA",1.45908719505078e-05,1,NA,NA,NA,FALSE
"CCGAGTTTACAACTCCCAAACCCCTGTGAACCATACCATATCGTTGCCTCGGCGGCGCCCCCTCGGGGGACCGCCAGAGGACCCAAACTCTTGCTTTCGTACAAGTTTGTCTGAGTGTTGCTGCAAGCAAAATAAATCA",1.45908719505078e-05,1,NA,NA,NA,FALSE
"TCGAATGGTCTCTTGACCGTTGACCTATAAAGTCTGTGGTGAAATCATGTGCTTTGGTGCCTTTGGTGCCATCATTATGCATGCATACGCCTGTTGTCTGAAGGATGAGAAAAGAAGCA",1.45908719505078e-05,1,NA,NA,NA,FALSE
"CTGAACGATCATCCTTGATCTTCTTACCCTCAAACCACTGTGGAACACGAGATGTGCTTCGGCGCCGTCGGCGCCGCCCTTATGCTCCGACAACGTCTTTTTTGTCTGAAGAACTGAATTTCA",1.45908719505078e-05,1,NA,NA,NA,FALSE
"CTGAGTTTTTAACTCTCCAAACCATGTGAACTTACCACTGTTGCCTCGGTGGTCGGTGCTGGAAACAGTGCTGCCACCGGTGGACTACTAAACTCTGGTTAATTTTTGTCAAATCTGAATCAAACTAAGAAATAAGTTA",2.51797329336806e-06,1,NA,NA,NA,FALSE
"TAGAATCTGGGTTGGCCTGGCGGGCTCTTGTGCTCTGACCGGCCACACACCTACCTTCAGCCTGTGGAAACGAGCTGTGCTTCGGCGTCCCTTTTGGGGCCGCCGCCTTTATGCTGTCTGTTTTGGCTTGTCTGTTACATAAATAAAATCA",3.08432545802233e-05,1,NA,NA,NA,FALSE
"TCGTGGGGCTCCGGCCCCGTCGAGATAGAACCCTTGCCTTTTTGAGTACCATTTTCGTTTCCTCGGCGGGCTCGCCCGCCAACGGGGACCAACCACAAACGCTTTGTAGTACCTGTAATCGTCTGATAAACAAGCAAAAATTTA",7.23981900452489e-05,1,NA,NA,NA,FALSE
"CTGAGTTGGACTGCGTTGTAGTCTTGCTATATTTGACTATTGTGCATTGTTTCGTGTTTTGGTGTCCAGAACACGCCTTCACCATTGATTGAATACACATACATAAAATTACGCATA",7.23981900452489e-05,1,NA,NA,NA,FALSE
"CCGAGTTTACAACTCCCAAACCCCTGTGAACATACCTACGTTGCTTCGGCGGACCACCCCAACCCCCTCGGGGCGAGGGGCCGCCAGAGGGCCCAAAACCCAACTGTTTTTTCCGTAACGAAACCTATTCTGAGTGGAATTATTAAATAAATCA",1.90970896035444e-05,1,NA,NA,NA,FALSE
"CTAAAGTAGATCACTACTTGTCCAACCTGTGAACTGTAGAACCCTCTTACTTTAAAAGGTAAGAGTCCTGTTTAACTTAACCTTTTTGACTAAACTTGTTGACTACTATAATGTATTTAAATAAAATA",1.90970896035444e-05,1,NA,NA,NA,FALSE
"CCAAAGATTTATATCTTTGACCCAACTGTGCACTGTTTCCCCCCATTGACACTTCGGTGTTAGTGGGGCCCCTTATTCTACTCTTGTCTACTTTTTTTGACTACTTTTTGGGTGGGAATTAATA",1.59195109526235e-05,1,NA,NA,NA,FALSE
"CCGAGTTTACAACTCCCAAACCCCTGTGAACATACCTTTATGTTGCCTCGGCGGATCAGCCCGCGCCCCGTAAAACGGGACGGCCCGCCGCAGGAACCACAAAACTCTGATTTTAGTGTAACTTCTGAGTCTAAAAAACAAATAAATCA",1.61613843198001e-05,2,NA,0.575384615384615,0.575384615384615,FALSE
"CCGAGTTTACAACTCCCAAACCCCTGTGAACATACCTACAACGTTGCCTCGGCGGCCCCCCGCCTCCCCGTAAGACGGGAGCGGACCGCCAGAGGACCCAACAAACTCTTTGTATCATTAGTATCTTCTGAGTAAAAAAACATAATCAATCA",1.59195109526235e-05,1,NA,NA,NA,FALSE
"CCGAGTTTCCAACTCACAACCCATCGTGAACATACCTCTGTTGCTTCGGCGGTACGGGGTCGCCCCTCCGGGGGAGCCCGACGCCGCCGGAGGTACTCAAACTCTTGTTTTACCACTGTGGTTACCTCTGAGTATTCTTGAAATAAATCA",2.56581310617335e-05,1,NA,NA,NA,FALSE
"CCGAGTTTACACTCATAACCCTTTGTGAACATTATAACTTGTTGCTTCGGCGGCTTCTTCGGGAGCCCGCCGGCGTTTCAGTATCTCTGTTTGTACCCGACGATACATCTGAGTGTTCTTAGCGAACTATAA",2.56581310617335e-05,1,NA,NA,NA,FALSE
"AAAATTCAACTTGGCCTCTGGGATTTATAGTTTTTTACTACCCATGATGGCTAATTAACACCTGTGCACTTTATGTATCTTGGGTATTTACTTACCCAAACAATTTATTAAACCCCTATTGATTATGTCTGAATATAATTTAAATATTAA",1.64032576869766e-05,1,NA,NA,NA,FALSE
"GCGAGGTCCCGCGGGCTCCGGCGAGCCCAGCCTCCCACCCGTGTCTCCCGAACCCCGTTGCTTCGGCGGTGCCCCCGCGCCCGCCGGAGACCCCCCCGAACGCGCATGTCAGGAGTGGCGTCTGAGTCGATTGTCTTCGCAATCAGTCA",1.64032576869766e-05,1,NA,NA,NA,FALSE
"TCGAATGGTCTCCCGACCTTTGACCCACAAAACCCGTGGCAGAATCCCGTGCTTTGGCGCCCGCGCGCCATGATTATGCATGTATGCCCTTTTGTCTGAATACGAATGAAGCAAGCA",1.64032576869766e-05,1,NA,NA,NA,FALSE
"TTGAATTTGATCACCAAATTTCCAGGAGGTCTGTGGCTCACTTTTGGGCCCAGGCTTTCTTTTTAATCTGGGAATTTGTACTCGTCTTTTGACGAGTGCATTTACCCTCAAACCAAACCATAAAATATAATTACA",1.64032576869766e-05,1,NA,NA,NA,FALSE
"ACGAGATCATGCCCTCACGGGTAGACCTCCCACCCTTGAGTACTACACCTTTGTTGCTTTGGCGGGCCGCTTCGGCCACCGGCTTAGGCTGGTGAGCGCCCGCCAGAGGACCCTAAACTCTGAATTATGTGTCGTCTGAGTACTATACAATAGTTA",1.64032576869766e-05,1,NA,NA,NA,FALSE
"TTGAATTTGATCTCCAATTTCCAGGCGGCCTGTGGTCCGATTTTTTTGGACTCTGGCTTTCTGTCTAACTCTGGGAATTGCATTTGTCTTTTGACGAATGCATTTTCCCGCCAACCTAACACAACAATAATACA",1.40379776236914e-05,2,NA,0.575384615384615,0.575384615384615,FALSE
"ACAAATCCAATGCTTGTGGGGTGACTTTTTTGGTCACCTTGCAAATATTAATCCGCCGGCCTCGCAAGGGGCTGGTTGATAGATAACATATAAATGTGTGTAGTGTTGACAGTGTGTGATATTTAATTAATTATTGA",1.64032576869766e-05,1,NA,NA,NA,FALSE
"CAAAGATCATGGCGAACCTCGCGTTTCGCGAGGTCTTGCGTCCATTTTTTTCGTATTTAAAACATCCACTCTAAAAAAAAAAAAAATTTATCAATGATTAATAATA",1.64032576869766e-05,1,NA,NA,NA,FALSE
"GTGATTGCCTTAATTGGCTTAAACTATATCCATCTACACCTGTGAACTGTTTGATTGAATCTAACGATTCAATTTTTACAAACATTGTGTAATGAACGTCATTAGATCATAACATGAAA",1.16726975604062e-05,1,NA,NA,NA,FALSE
"TCGAATGGTCTCTTGACCTTTGACCCCACAAACTCCGTGGCAGAATCCTGTGCTTTGGCGCCTATGCGCCACAATTATGCATGTATGCCCTTTTGTCTGAAGAAGATGAAGCAAGCA",1.16726975604062e-05,1,NA,NA,NA,FALSE
"ATGAATTCTAGGACGTTCTTTTTAGAAGTCCGACCCTTTCATTTTCTTACACTGTGCACACACTTCTTTTTTACACACACTTTCAACACATTAGTATAAGAATGTAATAGTCTCTTAATTGAGCATAAACAAAAACA",1.16726975604062e-05,1,NA,NA,NA,FALSE
"TCGAGAGACCCGAATGGGTCTTCAACCCTCAAACCAGTGGATTTGAGATGTGTTTCGGCTCCATTAACTGGAGCCGTATTCATGCTTTTAATCTGTGTCTGAATTTTAAGCCTATAATTA",1.16726975604062e-05,1,NA,NA,NA,FALSE
"ACAAACGAGTGTTTTATGGCACTCTTTAAAAATCCATATCCACCTTGTGTGCAATGTTTGTTGGGAAAGTCTCTTTCTTTCCCTTCATAAATATCAACCTATATCTTTAACAACATTCGTCTGATAACATATTATGAATATACTTAATTCAAAATA",1.16726975604062e-05,1,NA,NA,NA,FALSE
"ATTTTCTTTTTATTGATTGAGTAGCCTGTTGTGTGTCTTTTATTTATGTTTTTTTATTAAACCCCAACAACCAAAACCCACATTCTAGAACAGCCCAATTTTACACACAAAATCAAAAATATTCA",7.18605043888803e-06,1,NA,NA,NA,FALSE
"CAGAGTTGCAAAACTCCCAACCTTTGTGAACGAACCTACCAGTTGCCTCGGCGGCGAGCCCCCTGGGCGGACCGCCGGAGGAATACAAACTCTTTGCATTATAGTATCTCTGATTACTTATTCAATAAGTTA",1.53718567435183e-06,1,NA,NA,NA,FALSE
"ACGAATGGTCTTTGTACCTTTCAAAACCCCTCAAACCGGTGGACACAAAATTGTGCTTCGGCGCTCCGGCGCCGTCTTTATGCTGCAATTCTGTCGTTTATGTCTGAAAAGCAAAAAGAATCA",2.46746036641786e-05,1,NA,NA,NA,FALSE
"ATAGTGCCCTCTGATGCAAATCACTGGGTTAGATCTGCTCTCTTCGCAAGAAGAGGGTTTCCATACACACCGTGAACTGTGGCTTCGGCCATCACAAACTGTTAGTAATGAATGTAATATCATAACAAAAACA",2.46746036641786e-05,1,NA,NA,NA,FALSE
"CAGAGCGTAAAAACTCCCAAACCCACTGTGAACCTACCTATAACGTTGCCTCGGCGCGGCCCTCCGGGGCGGCGCCGGGGGTCCAAAACTCTTGTTTCCACAACATGTCTCTGAGTGGCTTAAAGCAAAAATAAGTTA",5.42986425339367e-05,1,NA,NA,NA,FALSE
"CCGAGTGCAGGTCTGCCCCCGGGCAGGCCTAACCTCCCACCCGTGAATACCTGACCAACGTTGCTTCGGCGGTGCGCCCCCCCGGGGGTAGCCGCCGGAGACCACACCGAACCTCCTGTCTTTAGTGTTGTCTGAGCTTGATAGCAAACCTATTA",5.42986425339367e-05,1,NA,NA,NA,FALSE
"CTGAGTTTTCAACTCTCCAAACCATGTGAACTTACCACTGTTGCCTCGGTGGTTTGGGTCTTCGGCCCTGACCACCGGCGGACTACTAAACTCTTGTTAATTTTTGGCATTCTGAATCATAACTAAGAAATAAGTTA",1.77897957731445e-05,1,NA,NA,NA,FALSE
"TCGTAGGGCTTCGGCCCTGTCGAGATAGAACCCTTGCCTTTTTGAGTACCTTTCGTTTCCTCGGCAGGCTCGCCTGCCAATGGGGACCACAAAAAACACTTTGCAGTACCTGTAACAGTCTGAACAAACAAACAAAAATTA",1.77897957731445e-05,1,NA,NA,NA,FALSE
"CAAGTTGTCTGATTGGACAATGTTTTTTGTGTTGTGTGTGTGTGATTTGGTCCAAATAGGACCATGTATGTTTTATAGTATCATTCTCAACAGACCTAATCCAATCAAAACAAACCAGTCAA",1.43228172026583e-05,1,NA,NA,NA,FALSE
"TAAAAAAGTCGGGCTTGGGTTTAACCCAAGACCTGCCCCCAAAAGGGACCTTTTGTGCACTGTAAAATTTTTTCACTTAAGCTTTGTCTGATTGATATTTGTACCGAAAGGGACAAGAATTTTAATCTAAAA",1.19396332144677e-05,1,NA,NA,NA,FALSE
"TAGGATAGATCTTGGGCCTCTCTTTGCTGTGAAAGGGAGAGAGGGAGCCCACTTTTCCCCCTATCATTCCCAACAAACACACCGAGTCAGTTGACTGATGAGATCAGGAGTGTGGATGGTTTGAAACAGAAAAGCAACA",1.19396332144677e-05,1,NA,NA,NA,FALSE
"TAAGTTCACCCAGGCTTGTACAGCTGGGGACTGACAACCCTTTGATTTCCGACTCTGTTGCCTCCGGGGCGACCCTGCCTTCGGGTGGGGGCTCCGGGTGGACACTTCAAACTCTTGCGTAACTTTGCAGTCTGAGTAAACTTAATTAATAAATTA",1.19396332144677e-05,1,NA,NA,NA,FALSE
"CAGAGTTGCAAAACTCCCAACCCCTTGCGAACGAACTGCAGCAGTTGCTTCGGCGGACTGCCCCTGTGGCGGCCCGCCGAAGGTATACAAACTCTTGTTCATTTTGGCATCTCTGAGTGACTTTACAATAAGTTA",1.92435982963001e-05,1,NA,NA,NA,FALSE
"TTGAAAACAAGGGTGTCCAATTTAACTTGGAACCCAAACTTCTCAATTCTAACTTTGTGCATCTGTATTAATGGCGAGCAACTTCGGTTGTGAGCCTTCACTTACAAAACACTAGTCTATGAATAACTTAATTCAAAATA",1.92435982963001e-05,1,NA,NA,NA,FALSE
"ACAATGAGTGTATAATGGCACTCTTAAATCCATTACCCACCTTGTGTGCAATGTCGAGAGGAACCGTCAGGTTTCTCTTTTCATACATACTCGTTTTTTGCAGTATCAGTCTACATATCTAGAGTAATTAAAACTCGAAATA",1.92435982963001e-05,1,NA,NA,NA,FALSE
"CTAAAGATTCACGTCTTTGGTCCCATCTTGTGCACTGTTTACCCCTCTTCGGCACTTCGGTGCTGTTGAGGGCCCCTTTTTTCACCCTTTGGTTTACTTTAATTTGATAACTTCTGTTAGGTGGGGAATATAATA",1.92435982963001e-05,1,NA,NA,NA,FALSE
"CAGAGTGACCACTGTGTCGTGGCTCTGCCAACCCCGCGAACCTTATACAAACACGTTGCCTCGGCGGGCCTCCCGCCGCAGGCCCCTCCACAAACGCTCTAAAACGCTCCGCGCTCCTTCTGAACTAGAAACTTTAAACGAGTAA",1.23024432652325e-05,1,NA,NA,NA,FALSE
"CCACATCCAAAATCTTACAAACCCACAAGTGTGAAGTTGTGATGAGGAACTTTCTTCATTTTTTTTTTGAACCCCTTTTGAACTTTTTACCAAGAGAATAAGCAAGACTAAAAATGAGAAAAGAGAAAA",1.23024432652325e-05,1,NA,NA,NA,FALSE
"CAGAGTTGCAAAACTCCTCCACACACGCGAACTTACCCGTATTGCTGCTTCGGCGGGCGGCCCCAGGGCGGGGCCGTAGCCTGTAAAGGCGCCCGCCGGAGGTGCCAAACTCTGTTTGTATAGGCCTCTCTGAGTATTGCAAGAATAAGTCA",1.23024432652325e-05,1,NA,NA,NA,FALSE
"AAAATATAGCAAACCGAGCGTTAGCGAGGTTTTGCGATCAAAATTGTATTTAAAACCCAACTCTTTGAATCAAATATATATATTATGTATCATAAATAAATAAAAGA",1.23024432652325e-05,1,NA,NA,NA,FALSE
"TAGAGTGTTAAAACTCCCAAACCCAATGTGAATCTTACCGCGTTGCTTCGGCGGCAGGAGCTCCGAGAGGAGCTGCCGCCGCCGGAGGACACACAAACTCTTGTCTCTGAATGAGTCTTCTCTGAGTAGCGCAAGCAAAAACAAAATAAATCA",1.23024432652325e-05,1,NA,NA,NA,FALSE
"ACAAGATATTTGGCTATTAGTAGCCATTGGCTCAGGGTCGCAAGACCTTGATGTTTACGCTTGCGTGTTTGACAAATTATTATATGATGAGAAATTATGA",1.23024432652325e-05,1,NA,NA,NA,FALSE
"CAGGACTCGCAAGACTCCTATAACCCTGTGAACCTACTGTAAATACGTTGCTTCGGCGGGTGCTCTCCGGGATTCGTCCCGGGGCGCGTCAGCCCGCCGGCAGCCTACAAATTCTGTTTCTTTGCGTTGGCATCTCGAGTAAATCAAATAAGTTA",1.23024432652325e-05,1,NA,NA,NA,FALSE
"CAAAATTGATTGATTCCTTTAATGGATTCATCTCTTAACCACCTGTGAACTGTTTGGCGTCGCGTAACACCGGCTCCAAGTTTTTATTTCTACACACACACACACTTATTACACACGATATACACAAAAGTCATA",8.75452317030466e-06,1,NA,NA,NA,FALSE
"TTGAATTTGATCATCAAATTTCCAGGGGGCCTGTGGTCCACTTTTGGACTCTGGCCTTCTTTTTACTCTGGGAATTTGCATTCGTCTTTTGACGGTTGCATTTCCCAAACCCAACTTTAATAATAATTACA",8.75452317030466e-06,1,NA,NA,NA,FALSE
"ACAAATCCAATGCTTGCGGGGTGACTTCTTTGGTCACCTTGCAAATATTAATCCGCTGGCCTCGCAAGGGGCTGGTTGATAGATAACATATAAATGTGTGTAGTGTTGACAGTGTGTGATATTTAATTAATTATTGA",8.75452317030466e-06,1,NA,NA,NA,FALSE
"CCAATCTTTAGCGAACCTTGGCTTTTCTATGGTCTCGCGAATCTTATATTTAAAACCCAACTCATACAAAATTAATACTTTTGTATCATTGTGATATAAATAAAGA",8.75452317030466e-06,1,NA,NA,NA,FALSE
"AAGAAATGCGGCGGAGGGGCCCAAAAGGCCCCCGAGCCAACACTTTCTACCCTGTCTTTTCGATACCTCTACCTCCTCCCCGGCCCCCGGGCCGGGATGGCTACTTCAAAAAAACCTTGCAGTTTACAGTCAATTCAGTACTTTGTAACAAAATTA",8.75452317030466e-06,1,NA,NA,NA,FALSE
"CCGAGTTCATGCCCTATAAACGGGTAGATCTCCCACCCTTTGTATACCTTTACCTTTGTTTCCTCGGTAGGCTTGCCTACCATGAGGACCCTTAAAAACCTTTATTGTAGCAGTATCCTCAGTTAAATATAAATATTA",8.75452317030466e-06,1,NA,NA,NA,FALSE
"CTGAGTACTACACTCTCTACCCTTTGTGAACTATTATACCTGTTGCTTCGGCGGCGCCCGCAAGGGTGCCCGCCGGTCTCATCAGAATCTCTGTTTTCGAACCCGACGATACTTCTGAGTGGCACAAGCAAATAATTA",8.75452317030466e-06,1,NA,NA,NA,FALSE
"CTGAGTACTACACTCTCTACCCTTTGTGAACTATTATACCTGTTGCTTCGGCGGCGCCCGCAAGGGTGCCCGCCGGAGGAAACCAAACTCTATTTACACGACGTCTCTTCTGAGTGGCACAAGCAAATAATTA",5.38953782916602e-06,1,NA,NA,NA,FALSE
"AAGAGTTGAAAATACTCCCAAAACCCCCTGTGAACTCATACCTTTGTCGTTGCTTCGGCGGGCTTTAGAGGCCTAAAGCCTGCCGGAGGTATTAAAAACTCCTTTTTAAAGACCTAGATCTCTGAGCAAAAATACAAATAAAGTCA",1.15288925576387e-06,1,NA,NA,NA,FALSE
"CCGAGTTCATGCCCTGAAAGGGGTAGATCTCCCAAACCCCTGTGAACATACCTATCGTTGCCTCGGCGGTGCCCGCTCCGGCGGCCCGCCAGAGGACCCCAAACTCTTGTTTTATACAATATCTTCTGAGTAACACGATTAAATAAATCA",1.51078397602084e-06,1,NA,NA,NA,FALSE
"CCAAATCCAAATCTCAACCCCATGTGAACCGTTGTTTGTCTGTCTTTGGGGGGGCTCCTCTAAGCCTTGCTCGCAGAGCTTTTTGCTTGTCCCCCCATGTTTATACTAAACCACATTGGTCTCTCGTTGGAATACTTTTATTAGCAATAATAAAGGA",4.50826816381243e-06,1,NA,NA,NA,FALSE
"CCAATCTCTTGGCGGGCCCTGGCTTGTCCATGGTTCGCGAAAATCATGTATTTAAAACCCAACTCATGTAAACGAATCATACTTTTTATATCATGTGATGTAAATAAAGA",1.8505952748134e-05,1,NA,NA,NA,FALSE
"GTGAATTAATAGAGCGTCCTTTGGGAGCTCGAACATCACTCTTAAACACCCACCGTGAACTGTAACCGTTTTTTTACGCATACAAGTAAATAGCAAGTCTCCTGTGTATTGCAGGTAATATAAATAAATA",6.00648700596644e-05,1,NA,NA,NA,FALSE
"CCGAGTTCATGCCCTATAAACGGGTAGATCTCCCACCCTTTGTATACCTTTACCTTTGTTGCTTTGGCGGGCCGCCTAGCTACTGGCTTCGGCTGGTAAGTGCCCGCCAGAGGACCCAAAACCCTGAATTATTAGTGTCGTCTGAGTAAAATATTTA",2.12559277468504e-06,1,NA,NA,NA,FALSE
"CCGAGTTCATGCCCTATAAACGGGTAGATCTCCCACCCTTTGTATACCTTTACCTTTGTTGCTTTGGCGGGCCGCCTAGCTACTGGCTTCGGCTGGTAAGTGCCCGCCAGAGGACCCAAAACCCTGAATTATTAAATAAATCA",3.61990950226244e-05,1,NA,NA,NA,FALSE
"AAGATTGGCCGAAAGGCCTTATCCTTATATCCCTCACCTCTGTGAACTGTGGACCCTCGGGTCCGTTTTAACAAACATCAGTGTAATGAACGTATCAATATATAACAAAACA",3.61990950226244e-05,1,NA,NA,NA,FALSE
"CTGTGAGGATTCGTCCTCATTGAGATAGCACCCTTTGTTTATGAGTACCTTTGTTTCCTCGGTAGGCTTGCCTACCATGAGGACCAACCACAAACGCTTTGTAGTACCTGTAATCGTCTGATAAACAAGCAAAAATTTA",3.61990950226244e-05,1,NA,NA,NA,FALSE
"CCGAGTATCTACTCATGACCCTTTGTGAACCATATTGTTGCTTCGGCGGCTCGTTCTGCGAGCCCGCCGGTCCATCAGTCTCTCTGTTTATACCAACGATACTTCTGAGTGTTCTTAGCGAACTATTA",3.61990950226244e-05,1,NA,NA,NA,FALSE
"AAGAGTTGAAAATACTCCCAAAACCCCCTGTGAACTCATACTTTTGTCGTTGCTTCGGCGGGCTTTAGAGGCCTAAAGCCTGCCGGAGGTATTAAAAACTCTTGACAATTGTATGGCCTCTCTGAGTCTTTGTACTTAATAAGTCA",3.61990950226244e-05,1,NA,NA,NA,FALSE
"ATAATAAGTGTTTGTGGCACTTTTTTAAATCCATATCCACCTTGTGTGCAATGTTAGGTCTCTGTCAGTTTCGACCGACGAGATTTTTATACATCAACTCATTCTTTAAACCAATTTGTCTGAAAAATATTATGAATACTTAATTCGAATA",3.61990950226244e-05,1,NA,NA,NA,FALSE
"TCAAATGCTTTAAGAAGTCTAAACAACTTCTTACCCATGTCTTTTGAGTACTTACGTTTCCTCGGCGGGTCCGCCCGCCGATTGGACAATTTAAACCATTTGCAGTTGCAATCAGCGTCTGAAAAACTTTAATAGTTA",3.61990950226244e-05,1,NA,NA,NA,FALSE
"CCGTGGGGATTCGTCCCCATTGAGATAGCACCCTTTGTTTATGAGTACCCTGTTTCCTCGGCGGGCTTGCCCGCCGCTAGGACCTTTAAAACCCTTTGCAGTAGCAGTATCTTCAGTTAAAACAAAATTATTA",1.1859863848763e-05,1,NA,NA,NA,FALSE
"CCGAGTTCATGCCCTATAAACGGGTAGATCTCCCACCCTTTGTATACCTTTACCTTTGTTGCTTTGGCGGGCCGCCTAGCTACTGGCTTCGGTCACGGACGTTCTGTCTGGTTTATCACATTTACGAAACAAAGAA",1.1859863848763e-05,1,NA,NA,NA,FALSE
"TCGAATTTCTGGGGCCGAAAGGCCTCGAATTCCACACTGTGTTTTAAGCGCCTTCTGGTTGATTCGGGAAGGATGTGAAAACCTGATTCATACCTGGTATGAAGATTTTTTACAAAACAAAAATTTTA",9.54854480177221e-06,1,NA,NA,NA,FALSE
"CAAAATTGACTGATTCCTTTATGGATTCATCTCTTAACCACCTGTGAACTGTTTGGCGTCGCGTAACACCGGCTCCAAGTTTTTGTATTCTACACACACACTTATCACACGATATATACACAAAAGTCATA",9.54854480177221e-06,1,NA,NA,NA,FALSE
"ACAAAAGGGAAAAATGCGTGGCGGGCTCAAGTCCGTTTCACGTTCATTCCCGAAAATCCTGTATTCACCCCAAGTTCCTTAAAAATTTTAATAAAAAACTCTGCAAAAGACCACCTGATCAGGTGGCATCTAATGCAAAAGCGA",7.95975547631177e-06,1,NA,NA,NA,FALSE
"TCAATTTACAGCGGACTTCGGTCCTGTCTGCACCCTTGTCTTTTGCGTACTATATGTTTCCTCGGTAGGCTTGCCTGCCGATAGGACACTTATAAACTCTTTTGTAATTGCAATCAGCGTCAGAAAAACTATAATAGTTA",7.95975547631177e-06,1,NA,NA,NA,FALSE
"CCGAGTTTCGGGCTGAAAAGTCTGTAATTCCACACTGTGTTTTAAGCCGGGGTTCTCTGACGTTTTTAGCTAGACAGACGAGACCTGGCGCAAACCATTATTCTCCTGAATAAAACA",7.95975547631177e-06,1,NA,NA,NA,FALSE
"CCGAGTTCATGCCCTGAAAGGGGTAGATCTCCCACCCTCTGTATACCTTACCTCTGTTGCTTTGGCGGTGGGCCCAGCCTGCCGCCAGAGGTCTAAACTTACAACCAATTTTTTATCAACTTGTCACACCAGATTATTACTAATAGTCA",7.95975547631177e-06,1,NA,NA,NA,FALSE
"ACACCAAAAAAAAATATTCAATTAATAAACAAAACACTTGGTGAGAACCAATTCTTTTTTTTATTCTTCTCCTATTTACACACTCACATTACAATTATCCCCTTAACCAATCAATCAATAAATACAATACAATAACACAACATTACACA",1.28290655308667e-05,1,NA,NA,NA,FALSE
"CAAGTTGTCTGATTGGACAATGTTTTTTGTGTTGTGTGTGTTTGATTTGGTCCAAATAGGACCATGTATGTTTTATACTATCATTCTCAATAGACCTAATCCAATCAAAACAAACCAGTCAA",1.28290655308667e-05,1,NA,NA,NA,FALSE
"CCGAGTTCATGCCCTATAAACGGGTAGATCTCCCACCCTTTGTATACCTTTACCTTTGGGATTTATATCTACTCAGAACTTTAGTGATTTTGTCTGAAAAATATTATGAATAACTTAATTCAAAATA",1.28290655308667e-05,1,NA,NA,NA,FALSE
"CAGAGTTGCAAAACTCCCAAACCATTGTGAACGTTACCCGTAACCGTTGCTTCGGCGGGCGGCCCCCCGGGGCCGCAGCCCTCACAGGCGCCCGCCGGACGACAAATAACTCTTGTTCTTTACTGGCCTCTCTGAGTATTTATACAAATAAAAGTCA",1.28290655308667e-05,1,NA,NA,NA,FALSE
"CCGAGTTCATGCCCTATAAACGGGTAGATCTCCCACCCAGTGTCGACTCTCTCTGTTGCTTCGGCGCGCACGCCCCGGCGGCCGCCGAAGGACCCAACCAAACGCATGGCAAACCGGTCCGTCCGAGGATACGCAAATCAGTCA",1.28290655308667e-05,1,NA,NA,NA,FALSE
"CCGAGTTGCAAACTCCCAAATCCATCTGTGGACCTCTTAAACGTTGCCTCGGCGGGCTCGCCCGCTCCCGGTAAAACGGGACGGCCCGCCAGAGGACCCCTAAACTCTGTTTCTATATGTAACTTCTGAGTAAAACCATAAATAAATCA",1.28290655308667e-05,1,NA,NA,NA,FALSE
"TTTATGTTTGAGACTTTCTCGTAAGAGGGGTTTTAAATTTTGTGAACTGTTTTGTAATTGTACCTTTTATATTTTTTTTGTTTGGCTCATTTATGAGTAGAAATACAAGA",8.20162884348832e-06,1,NA,NA,NA,FALSE
"ACAAATCCATCGTTGTTCATCTCCTTGCATGTTCCCTGGATGTGCAAGGGGTGCAACATCTGTTCCATGCGTGCACCTTGCATGCATCGATACATTTCTGCGAATACATCTGATTGGTTGGGATGAGAATTGACAAGAA",8.20162884348832e-06,1,NA,NA,NA,FALSE
"CAGGAGCTTCAAAAACTCCCTAACCCACTGTTATCTTTACCTGTTCGTTGCTTCGGCAGGCGGCCCCGGGGAGGGGCTGCAGCTTGTTTCAGGCGCCTGCCGGAGGTTTTTTACAAGCTCTTCAGTTGTATTTCTGAGTTGGTTACCAAATAAGTCA",8.20162884348832e-06,1,NA,NA,NA,FALSE
"CCGATTTGAGCGAGCCTGGTCATTTTTTGATCACGGTCTTGCTAAATTCTTGTATTTAAAACCCCCACTCTTTCGTAAATAAAATAATTAAATATATCTATTATATAATAAATAAAGA",8.20162884348832e-06,1,NA,NA,NA,FALSE
"CAAATCTTTTGCGAGTGCTGCGTGCTTAACTGTGCCTAGCATCTCACAACATTAGCACAAGGTCGCAAGGCCTTGATGTTTACGCTTGTTTGTTTGACAGAGTTAGTTGAGACAATAAAAAAGA",8.20162884348832e-06,1,NA,NA,NA,FALSE
"CAGAGTTTCCCCTCCGGGGGCTTTTCTCAACCCATGTTTACCCCCTTGTGTTTTAGCAGCTTCGGCTGCCAACATAACTCGTTATACCTATTGTCTGAGTAACATATAATATTTA",8.20162884348832e-06,1,NA,NA,NA,FALSE
"ATGAGTGAGGGATTAGTCTTTGGACTAATACCCAAGCGTATAATATCCATTTACATTGTGAATTGTTAATTGGCTACTAGCCATTTCACATAACTATGTGTAATGAACGTTATGTATTACAAACATAATA",8.20162884348832e-06,1,NA,NA,NA,FALSE
"ACGTGTGCTTTACCGGAGCATTCATCCTGTGATGTGTACCACGAGTGCGAGTGTGGCTGAATGTGGCCACACGCCGTCTTTTTCACCCATCAACCATTTTATTCTGAACACACGCGTAAAACAACGA",8.20162884348832e-06,1,NA,NA,NA,FALSE
"CCAATCTCTTGGCGGGCCCTGGCTTGTCCATGGTTCGCAAAAATCATGTATTTAAAACCCAATTCATGTAAACGAATCATACTTTTTATATCATGTGATGTAAATAAAGA",8.20162884348832e-06,1,NA,NA,NA,FALSE
"TTGAATTTAGAGACTGAAAGGTTTCGAATTCCACACTGTGTTTTAAGCGTCTGACCGTTTAATTACGAGATGATGTGCAAACCTGTTCATACCACGTATGAAATTAAACAAACAAAAACTA",8.20162884348832e-06,1,NA,NA,NA,FALSE
"CCAGCAGCGGTCCGCGGCTTCGGCCCGGTCCACTCACCCTTTGCGTACCAAACAAGTGTTGCTTTGGCGGGCCTCACCGCCCGCCAGAGGCCTACTACTCTTGCTATTCTGATACTGTCTGAGTGTCTTTGACAATAATATA",8.20162884348832e-06,1,NA,NA,NA,FALSE
"CCGAGTCTTACAACTCCCAAACCCCTGTGAACTTGTACCTAGACCGTTGCTTCGGCGGGTCAACGCCCCTGGGCCCCACCGCGGGCGCCCGCCGGAGGTCACCAAACTCTTGATAATTTATGGCCTCTCTGAGTCTTCTGTACTGAATAAGTCA",8.20162884348832e-06,1,NA,NA,NA,FALSE
"TCGAGTTTACAACTCCCAAACCCCTGTGAACCATACCATATCGTTGCCTCGGCGGCGCCCCCTCGGGGGACCGCCAGAGGACCCAAACTCTTGCCTTTTTGTAAGTTTGTCTGAGTGTTGCTCCAAGCAAATAAATCA",8.20162884348832e-06,1,NA,NA,NA,FALSE
"ACAAATCCATATGCGTGTGGCAGGGCGACCTGTCCGCGAATATTAAACCTGCCGGTTCTTTGTGAGCTGGTTGGAAATAAATGTGTGTAGTGTTGACAGTGTGTGTGATATTAATTTATTGA",5.8363487802031e-06,1,NA,NA,NA,FALSE
"ATAACAGGCCCAGTATGGGGGCCCTTTTAAATTTCCATATTCTTCACCTTGTGTGCAATGTTTTTTAACATATTTAAACGCTTAAATTTTTTTTTTAAATTGTCTGAAATAAATGTTGTGAATTTTTTTAATTCAAAGTA",5.8363487802031e-06,1,NA,NA,NA,FALSE
"TCGAAACCCACTGTGAATATACCTATATTTGTTCCTTCGGCAGGCGGCCCCCGGGGGGGCTTCGCCGTCGACCGGCACCTGCCGAAGGACAAACAAAACTCTGCTGCTTCAGTGTTACCTCTGAGCAACTAAAACAAATAAGTCA",5.8363487802031e-06,1,NA,NA,NA,FALSE
"CCACATCCAAAATCTTATATAAACCCACATGTGTGAAGTTATGATTGAACCAAACTTCTTTTTAATTGAACCCCTTTATGAACTTTTTTATCTTTAAGCAAGACTACAAAAAAAATTGAGAAAAGAGAAAAA",5.8363487802031e-06,1,NA,NA,NA,FALSE
"CTGAATTGTCAAACATGGGTTGTTGCTGGCCCTCAAAAGGGGCACGTGCACGCTCTGTTTACACGTCCACTCACACCTGTGCCCACCAAAGTCCTTATTAATTCTTTGTTATATTTTTGCTGTCTGAGCATTAAAAGTGAAATATACTTAAA",5.8363487802031e-06,1,NA,NA,NA,FALSE
"CCGAGTGCAGGTCTGCCCCCTGGCAGGCCTAACCTCCCACCCGTGAATACCTGACCAACGTTGCTTCGGCGGTGCGCCCCCCCGGGGGTAGCCGCCGGAGACCACATTGAACCTCTTGTCTTTAGTGTTGTCTGAGCTTGATAGCAAACCTATTA",5.8363487802031e-06,1,NA,NA,NA,FALSE
"ACACGTTTTGTCCACCTGTGCACATGGAGTAGGCATGGATTCATTTCTTTGCCTATGCTTTTTTTTTTTTACACATGCTTTGTGAAAGATTGTCTTTTATATAAAAGAATATTA",5.8363487802031e-06,1,NA,NA,NA,FALSE
"CCAAGTTTTAAACAACTTACCCAAAAACTGTGGACTGTTTACCCCTCTCTAAAGCTTTTCGGAGTTTTTTTAGAGAGAGGGCCCCTTCTTATTCACCAAACCTTTAGTTTACACTTGATCTACTATTTTGAATCTAAAATTCAAACA",5.8363487802031e-06,1,NA,NA,NA,FALSE
"CAAAGATCATGGCGAACCTCGCGTTTCGCGAGGTCTTGCGTCCATTTTTTCGTATTTAAAACATCCACTCTAAAAAAAAAAAATCTATCAATAATTAATAATAAGA",5.8363487802031e-06,1,NA,NA,NA,FALSE
"CCGAGTTCATGCCCTCGATCATCACCTTGACTATGTGCACCCTTTGTTGTTTCCTCGGCAGGTCTCCTGCCGCCAGGAACCCAATCAAACCCTTTTTCGCATCAGCATCCAGCCTTCTGAAAACCAACCTAATTATTTA",5.8363487802031e-06,1,NA,NA,NA,FALSE
"TCAATTTACAGCGGACTTCGGTCCTGTCTGCACCCTTGTCTTTTGCGTACTATATGTTTCCTCGGTGGGCTTGCCTGCCGATAGGACACTTATAAACTCTTTTGTAATTGCAATCAGCGTCAGAAAACTGTAATAGTTA",5.8363487802031e-06,1,NA,NA,NA,FALSE
"CAGAGTTTACAACTCCCAAACCCCTGTGAACATACCAGTCGTTGCCTCGGCGGTGTCTTGCTTCGGCGAGCCCGCCAGAGGACCCAACAAACTCTTGTTTTTTTAGTATTATCTGAGTGACAAGTTTAATAAATCA",5.8363487802031e-06,1,NA,NA,NA,FALSE
"CAAAATGAACGTTGGGCTAGAGTGATCCTCCCCTGGGAGTTGAGCATTCGAACCCGGCGACCAACCACTGTGCACCATTCACGTTTCTGGGCTCGCAAGAGCCCAACTAAACACTTTATTTACAGTCTGATCTTTTACTAAAGAAAAA",3.59302521944401e-06,1,NA,NA,NA,FALSE
"CCGAGAGTTGTAGGCTTCTGTCTACCATCTCTTACCCATGTCTTTTGCGTACTTAACGTTTCCTCGGCAGGTCCGCCTGCCGTAGGACAATTATAAACCATACTATTAAGTCTGCTTTTGTTATTTTAAATAATAAAAA",3.59302521944401e-06,1,NA,NA,NA,FALSE
"CCGAGTCTTACCAACTCCCAAACCCCTGTGAACGTATACCTTTGCTGTTGCCTCCGGGGCGACCCTGCCTTCGGGCGGGGGCTCCGGGTGGACACTTCAAACTCTTGCGTAACTTTGCAGTCTGAGTAAACTTAATTAATAAATTA",3.59302521944401e-06,1,NA,NA,NA,FALSE
"AAAATTGACATACACACTTTTAGGACAAAAATAAGAATTTACCTTTGTTGCTTTGGCGGGCCGCCTAGCTACTGGCTTCGGCTGGTAAGTGCCCGCCAGAGGACCCAAAACCCTGAATTATTAGTGTCGTCTGAGTAAAATATTTAATATTTA",1.00718931734722e-06,1,NA,NA,NA,FALSE
"AAGAGTTGAAAATACTCCCAAAACCCCCTGTGAACTCATACTTTTGTCGTTGCTTCGGCGGGCTTTAGAGGCCTAAAGCCTGCCGGAGGTATTAAAAACTCTATTTACACGACGTCTCTTCTGAGTGGCACAAGCAAATAATTA",3.01635467504811e-06,1,NA,NA,NA,FALSE
"AAAATTGACATACACACTTTTAGGACAAAAATAAGAATTTACCTTTGTTGCTTTGGCAGGCCGCGGCCTCCGCTGCGGGCTCACGCTCGCATGTGCCTGCCAGAGGACCCAACTCTTGTTTTTAGTGATGTCTGAGTACTATTAAATAGCTA",3.01635467504811e-06,1,NA,NA,NA,FALSE
"CAGAGTTGCAAAACTCCCAACCCTTTGTGAACGAACCTACCAGTTGCCTCGGCGGCGAGCCCCCTGGGCGGACCGCCGGAGGAATACAAACTCTTTGCATTACAGTATCTCTGATTACTTATTCAATAAGTTA",3.00551210920829e-06,1,NA,NA,NA,FALSE
"CCGAGTTTACAACTCCCAAACCCCTGTGAACATACCTATCGTTGCCTCGGCGGTGCCCGCTCCGGCGGCCCGCCAGAGGACCCAAAACCCTAAATTATTAGTGTCGTCTGAGTAAAATATTTAATATTTA",3.00551210920829e-06,1,NA,NA,NA,FALSE
"CCAAGATTCTTTTTTGCTGCCCCCAAATGAATCCGGCACTCCGGTGCTTGGGTTCAACTGACTACACTACTTTTAAACTTTGTTGGAATACTTGTATTAAAAACTAATATAAGA",3.65014126046678e-06,1,NA,NA,NA,FALSE
"CCGAGTTTCCAAAACTCCCAACCCATGTGAACCTACCTCTCGTTGCTTCGGCGGGATGCCCCCGGCGCCTAGTGTGCCCGGGAATCAGGCCCCCGCCGGAGGACCCAAACTCTTGTTTTTATATAGAACTTCTGAGTGGATTATTTTAATAATTA",1.23373018320893e-05,1,NA,NA,NA,FALSE
"TCATAACGTATCCCTTGTGGTTGTTTCCACTTCACGTTCCCGCACAACATCAAAATTCGGCGCGATTGGCGTCAAGGAAATCTTAGCGGAAACGAAGCGTTTTGCCTTCACGGGTAAAATGCCAAGAATCCCAATACTCAAA",1.23373018320893e-05,1,NA,NA,NA,FALSE
"ACGTGCACGCCGCCCGCCCGCGGGCCGTCACACCCCCTGCGTCCCTCCGGTTGCTTCGGCGAGGCCGGGCTTGCGCCCCTCGCCGACAGACCCCCCAACGCTGGCTTTTGAGAGAATGTCCGAGCCTGAAAATCAATCAGA",1.23373018320893e-05,1,NA,NA,NA,FALSE
"TCGTAGGGGCCTCGCCCCCTTCGAGATAGCACCCTTTGTTTATGAGCACCTCTCGTTTCCTCGGCAGGCTCGCCTGCCAACGGGGACCCACCACAAACCGATAGTTCTCTTGTCTAAACGAACCATGAA",1.23373018320893e-05,1,NA,NA,NA,FALSE
"ACACGTTTTGTCCGATGTAGCGCAAGTTACAGAAGATGATAACATTATGAAACCCGTGGAAGCAACTGTGCTTCGGCGCTCCGGCGTCGCCCTTATGCCTAGAAATGTCTGTGTCTGATTATATATTGAGAGACA",1.23373018320893e-05,1,NA,NA,NA,FALSE
"CATTCAGTAGCCTAGCTACTTGTTTATACCCTTGTTTTTGCGTACCTATTGTTTCCTCGGCGGGCTTGCTCGCCGGTTGGACAAAACTATAACCTTTTTTAAATCTTCAATCAGCGTCTGAATTATACATAATAATTA",0.000114639458901754,1,NA,NA,NA,FALSE
"ATAATAAGCGTTTTAAGGCACTTTTTAAATCCATATCCACCTTGTGTGCAATGTCAGTTGTTCTCTTTTTTGAGAATGACCAAACATCAACTTAAATTTTAACTCTTTGTCTGAAAAATATTATGAATAAAATAATTCAAAATA",4.02317347924042e-05,1,NA,NA,NA,FALSE
"ATAGTGCCCTCTGATGCAAATCATTGGGTTAGATCTGCTCTCTTCGCAAGAAGAGGGTTTCCATACACACCGTGAACTGTGGCTTCGGCCATCACAAACTGTTAGTAATGAATGTAATATCATAACAAAACCA",0.00248138957816377,1,NA,NA,NA,FALSE
"CCGAGTGAGGGCCCTCTGGGTCCAACCTCCCATCCGTGTCTATCTGTACCCTGTTGCTTCGGCGTGGCCACGGCCCGCCGGAGACTAACATTTGAACGCTGTCTGAAGTTTGCAGTCTGAGTTTTTAGTTAAACAATCGTTA",4.0043246706443e-05,1,NA,NA,NA,FALSE
"CCGAGTTCATGCCCTGAAAGGGGTAGATCTCCCATGGATTCTACCCATGTCTTTTGCGTACTATTTGTTTCCTTGGTAGGCTTGCCTGCCGATAGGACATTATAAAACCTTTTGTAATTGCAGTCAGCGTCAGAAAAACATAATAATTA",2.22256795501522e-05,1,NA,NA,NA,FALSE
